SentimentDevice,SalesDevice
DELL UNKNOWN,DELL LATITUDE 5420 RUGGED
HP S01 DESKTOP,HP 245
HP N01 DESKTOP,HP 245
HP TP01 DESKTOP,HP 245
HP G9 DESKTOP,HP SPLIT X2
HP WORKSTATION G9 DESKTOP,HP 245
HP SLIM S01 DESKTOP,HP 245
HP N01 DESKTOP ,HP 245
HP S01 SLIM DESKTOP,HP 245
HP Z1 G9 DESKTOP,HP 245
DELL POWEREDGE DESKTOP,DELL OPTIPLEX
HP XIAOOU DESKTOP,HP ELITEBOOK FOLIO
HP M01 DESKTOP,HP STREAM
HP DESKTOP M01,HP STREAM
HP TE01 DESKTOP,HP ELITE
HP PRODESK DESKTOP,HP PROBOOK 4540S
ACER FUTURE DESKTOP,ACER ONE 10
ACER SQX DESKTOP,ACER ONE 10
ACER N90 DESKTOP,ACER ONE 10
ACER N99 DESKTOP,ACER ONE 10
ACER SHANGQI DESKTOP,ACER ONE 10
ACER N4270 DESKTOP,ACER ONE 10
ACER N4288 DESKTOP,ACER ONE 10
ACER SQX4270 DESKTOP,ACER ONE 10
ACER DKZHAN DESKTOP,ACER ONE 10
ACER X2670 DESKTOP,ACER ONE 10
ACER SHADOW KNIGHT DESKTOP,ACER ASPIRE V NITRO
DELL T150 DESKTOP,DELL OPTIPLEX
HP 288 DESKTOP,HP LAPTOP 14
ACER SQ DESKTOP,ACER ASPIRE 3 SPIN
HP SLIM DESKTOP,HP ELITEBOOK FOLIO
ACER CHROMEBOX CXI3,CHROMEBOOK
DELL T40 DESKTOP,DELL OPTIPLEX
HP XIAOOU AIO 24,HP PRO X2 612
HP 280G9 DESKTOP,HP 200 SERIES
HP SLIM TOWER DESKTOP,HP ELITE
HP DESKTOP,HP ELITE
HP DESKTOP 22,HP LAPTOP 14
HP 840 G9 AIO 23 ,HP ELITE C640 G3
ACER MINI DESKTOP,ACER ASPIRE 3 SPIN
ACER SQN4 DESKTOP,ACER ASPIRE 3 SPIN
ACER VERO DESKTOP,ASPIRE VERO
DELL DESKTOP,DELL VOSTRO 3420
HP CHROMEBASE AIO 21.5,HP CHROMEBOOK
ACER SCX DESKTOP,ACER SWITCH ONE
APPLE IMAC PRO 27,MACBOOK PRO 17
ACER VB DESKTOP,ACER ASPIRE V NITRO
ACER SQN DESKTOP,ACER ASPIRE 3 SPIN
HP 455 G9 15,HP ZBOOK FURY 15 G8
HP 470 G9 17,HP PAVILION GAMING 17
HP 435 G8 13,HP ZBOOK FURY 15 G8
ACER DESKTOP,ACER SWITCH ONE
HP 290 DESKTOP,HP 200 SERIES
ACER TC DESKTOP,ACER SWITCH ONE
ACER EXTRAORDINARY S3X PRO 14,SWIFT 5 PRO 14
ACER XC DESKTOP,ACER SWITCH ONE
HP AIO ,HP PAVILION G7
HP ALL-IN-ONE 24,HP PAVILION G7
HP CHROMEBASE AIO 21,HP CHROMEBOOK
HP CHROMEBASE AIO 22,HP CHROMEBOOK
ACER EXTRAORDINARY GO PRO 14,ACER SWIFT GO 16
DELL AURORA R 15 DESKTOP,DELL XPS 15 9530
HP AIO 23,HP PAVILION G7
HP AIO 22,HP PAVILION G7
ACER YOUYUE PRO 14,ACER ONE 10
ACER VERO AIO 24,ACER NITRO 16
ACER VERO 514 14,ACER NITRO 16
HP 440 G8 14,HP ZBOOK 14
HP 247 G8 14,HP ZBOOK 14
HP STAR 14S 14,HP ZBOOK 14
HP DRANGONFLY PRO 14,HP PRO X2 612
HP 288 PRO DESKTOP,HP PRO X2 612
ACER P50 15,ACER ONE 10
HP CELERON 14,HP LAPTOP 14
ACER YOUYUE AIR 14,ACER NITRO 16
ACER EXTREME GO 14,ACER SWIFT GO 16
ACER LAPTOP 14,ACER NITRO 16
ACER AIO 24,ACER NITRO 16
ACER CHROMEBOX,CHROMEBOOK
DELL G 15 15.6,DELL INSPIRON 15 7000
DELL 3000 DESKTOP,DELL VOSTRO 3420
DELL AIO 27,DELL LATITUDE E5270
HP AIO 24,HP LAPTOP 14
HP AIO 21,HP LAPTOP 14
HP AIO 31,HP LAPTOP 14
HP AIO 19,HP LAPTOP 14
HP AIO 20,HP X2 210
HP 24 AIO ,HP LAPTOP 14
DELL LAPTOP 14,DELL LATITUDE 3140
HP AIO 27,HP PAVILION G7
HP AIO 27 ,HP PAVILION G7
HP 247 G8 ,HP ZBOOK FURY 15 G8
HP 255 15,HP ZBOOK FURY 15 G8
ACER VERO 14,ACER NITRO 16
ACER YOUYUE 14,ACER ONE 10
ACER VERO 15,ACER NITRO 16
ACER VERO  15,ACER NITRO 16
HP PHANTOM 15,HP LAPTOP 15
HP STAR 14,HP STREAM 13
HP STAR 15,HP STREAM 13
HP DRAGONFLY PRO 14,ELITE DRAGONFLY
ACER CONCEPT D EZEL 14,ACER CONCEPTD 7
ACER ONECORE 14,ACER ONE 10
ACER EXTRAORDINARY GO 16,ACER SWIFT GO 16
HP G7 14,HP ZBOOK FURY 15 G7
ACER TABLET 1 10,ACER ONE 10
ACER A10 10,ACER ONE 10
ACER PREDAOR HELIOS NEO 16,ACER PREDATOR HELIOS 700
HP 255 G7 15,HP ZBOOK FURY 15 G7
HP 255 G8 15,HP ZBOOK FURY 15 G8
HP 470 G8 17,HP ZBOOK FURY 17 G8
HP 225 G8 15,HP ZBOOK FURY 15 G8
ACER SWITFT 1 14,ACER SWIFT GO 16
HP STAR 13,HP STREAM 13
MICROSOFT SURFACE 4 13,SURFACE GO
MICROSOFT SURFACE 4 15,SURFACE GO
MICROSOFT SURFACE DUO 15,SURFACE GO
MICROSOFT SURFACE DUO 8,SURFACE GO
HP PAVILLION 15,HP PAVILION G7
ACER ONE Z 14,ACER ONE 10
DELL INSPRION 3000 11,DELL INSPIRON 15 7000
LENOVO IDEACENTRE 5,LENOVO W
LENOVO IDEACENTRE AIO 3 21,LENOVO W
LENOVO IDEACENTER 5I DESKTOP,LENOVO W
LENOVO IDEACENTER AIO ,LENOVO W
LENOVO TAB 3I 10,LENOVO W
LENOVO LAPTOP 14,LENOVO W
LENOVO IDEACENTRE AIO 520 23,LENOVO W
LENOVO AIO 21,LENOVO W
LENOVO LECOO AIO 23,LENOVO W
LENOVO AIO 23,LENOVO W
LENOVO LECOOL AIO 23,LENOVO W
LENOVO IDEACENTRE 5I AIO 27,LENOVO W
LENOVO IDEACENTRE 3 DESKTOP,LENOVO W
LENOVO LAPTOP 16,LENOVO W
LENOVO IDEACENTRE AIO 3I 24,LENOVO W
LENOVO LAPTOP 15,LENOVO W
LENOVO IDEACENTER 3I AIO 21.5,LENOVO W
LENOVO IDEACENTER 3I AIO 23.8 ,LENOVO W
LENOVO GAMING LAPTOP,LENOVO W
LENOVO IDEACENTRE,LENOVO W
LENOVO GAMING DESKTOP,LENOVO W
LENOVO X3 15,LENOVO V SERIES V110 15
LENOVO X MAX 14,LENOVO W
LENOVO IDEACENTER 510S DESKTOP,LENOVO W
LENOVO T4900 DESKTOP,LENOVO W
LENOVO LECOO DESKTOP,LENOVO W
LENOVO IDEACENTER 510 PRO DESKTOP,LENOVO W
LENOVO IDEACENTER M4000 DESKTOP,LENOVO W
LENOVO E41 14,LENOVO W
LENOVO TS80X DESKTOP,LENOVO W
LENOVO EC DESKTOP,LENOVO W
LENOVO CO DESKTOP,LENOVO W
LENOVO IDEACENTER M455 DESKTOP,LENOVO W
LENOVO IDEACENTER M460 DESKTOP,LENOVO W
LENOVO IDEACENTER DESKTOP,LENOVO W
LENOVO IDEACENTER 14,LENOVO W
LENOVO K14 14,LENOVO W
LENOVO E41-50 14,LENOVO W
LENOVO K4E 14,LENOVO W
LENOVO M750E DESKTOP,LENOVO W
LENOVO 520 AIO 23,LENOVO W
LENOVO IDEACENTER AIO 23,LENOVO W
LENOVO 520 AIO 21,LENOVO W
LENOVO IDEACENTER 3 AIO 23.8,LENOVO W
LENOVO D330 10,LENOVO W
LENOVO IDEACENTER AIO 24,LENOVO W
LENOVO IDEACENTRE 3,LENOVO W
LENOVO IDEACENTRE 5I,LENOVO W
LENOVO IDEACENTRE A540 24,LENOVO W
LENOVO IDEACENTRE AIO 21,LENOVO W
LENOVO DUET 3I 10,LENOVO W
LENOVO IDEACENTRE 5 DESKTOP,LENOVO W
LENOVO QUAD TURBO 14,LENOVO W
LENOVO IDEACENTER AIO 27,LENOVO W
LENOVO IDEACENTRE AIO A340 22,LENOVO W
LENOVO IDEACENTER AIO 21,LENOVO W
LENOVO IDEACENTRE AIO 3 24,LENOVO W
LENOVO DESKTOP,LENOVO W
LENOVO IDEACENTER 15,LENOVO W
LENOVO M437 DESKTOP,LENOVO W
LENOVO IDEACENTER 512 DESKTOP,LENOVO W
LENOVO M420 DESKTOP,LENOVO W
LENOVO M455 DESKTOP,LENOVO W
LENOVO AIO 27,LENOVO W
LENOVO THINKSERVER DESKTOP,LENOVO W
LENOVO M73,LENOVO W
LENOVO LAPTOP 17,LENOVO W
LENOVO LAPTOP,LENOVO W
LENOVO LAPTOP 14 14,LENOVO W
LENOVO LAPTOP 6 15,LENOVO W
LENOVO IDEACENTRE AIO 5,LENOVO W
LENOVO IDEACENTRE AIO 24,LENOVO W
LENOVO IDEACENTRE 520C AIO 27,LENOVO W
LENOVO IDEACENTRE 520 AIO 24,LENOVO W
LENOVO IDEACENTRE 520 AIO 27,LENOVO W
LENOVO LECOO AIO 24,LENOVO W
LENOVO THINKSTATION P350 DESKTOP,LENOVO W
LENOVO SERVER TS80X DESKTOP,LENOVO W
LENOVO SERVER ST58 DESKTOP,LENOVO W
LENOVO SERVER ST50 DESKTOP,LENOVO W
LENOVO THINKSTATION P330 DESKTOP,LENOVO W
LENOVO THINKSTATION P340 DESKTOP,LENOVO W
LENOVO THINKSERVER TS80X DESKTOP,LENOVO W
LENOVO IDEACENTRE AIO 5I 27,LENOVO W
LENOVO IDEACENTRE AIO A340 24,LENOVO W
LENOVO IDEACENTRE A340 23,LENOVO W
LENOVO IDEACENTRE AIO 3 27,LENOVO W
LENOVO IDEACENTRE A340 21,LENOVO W
LENOVO IDEACENTRE A540 DESKTOP,LENOVO W
LENOVO S14 G2 14,LENOVO W
LENOVO IDEACENTRE 510S DESKTOP,LENOVO W
LENOVO IDEACENTRE M3900 DESKTOP,LENOVO W
LENOVO IDEACENTRE M590 DESKTOP,LENOVO W
LENOVO IDEACENTRE S5400 AIO 24,LENOVO W
LENOVO A30 AIO 24,LENOVO W
LENOVO IDEACENTER AIO 23 ,LENOVO W
LENOVO LAPTOP 3 17,LENOVO W
LENOVO YI AIO 24,LENOVO W
LENOVO IDEACENTER 3 AIO 24,LENOVO W
LENOVO IDEACENTRE A340 AIO 23,LENOVO W
LENOVO S14 14,LENOVO W
LENOVO IDEACENTRE 510 PRO DESKTOP,LENOVO W
LENOVO IDEACENTRE AIO A550I 24,LENOVO W
LENOVO IDEACENTRE 510 PRO AIO 21,LENOVO W
LENOVO XENOMORPH CO-E3 DESKTOP,LENOVO W
LENOVO M4000Q DESKTOP,LENOVO W
LENOVO A30 AIO 23,LENOVO W
LENOVO T30 DESKTOP,LENOVO W
LENOVO IDEACENTRE 3I DESKTOP,LENOVO W
LENOVO ULTIMATE PRO 14,LENOVO W
LENOVO TIANJIAO 14,LENOVO W
LENOVO TIANYI 510 PRO DESKTOP,LENOVO W
LENOVO IDEACENTRE DESKTOP,LENOVO W
LENOVO M435 DESKTOP,LENOVO W
LENOVO THINKSTATION K DESKTOP,LENOVO W
LENOVO B437 DESKTOP,LENOVO W
LENOVO IDEACENTRE 510 DESKTOP,LENOVO W
LENOVO LAIKU DESKTOP,LENOVO W
LENOVO A3000 DESKTOP,LENOVO W
LENOVO M730Q DESKTOP,LENOVO W
LENOVO THINKSTATION P900 DESKTOP,LENOVO W
LENOVO THINKSTATION P300 DESKTOP,LENOVO W
LENOVO THINKSTATION P500 DESKTOP,LENOVO W
LENOVO IDEACENTRE 3 AIO 24,LENOVO W
LENOVO TOWER 5I DESKTOP,LENOVO W
LENOVO LAPTOP K4E 14,LENOVO W
LENOVO LAPTOP S15 15,LENOVO W
LENOVO TIANYI 510S DESKTOP,LENOVO W
LENOVO IDEACENTRE P600 DESKTOP,LENOVO W
LENOVO 510PRO DESKTOP,LENOVO W
LENOVO AIO 520 21,LENOVO W
LENOVO AIO 520 24,LENOVO W
LENOVO IDEACENTER P880 DESKTOP,LENOVO W
LENOVO VOSTRO 17,LENOVO W
LENOVO IDEACENTRE 510S,LENOVO W
LENOVO 4KE 14,LENOVO W
LENOVO LAPTOP14,LENOVO W
LENOVO E41-55 14,LENOVO W
LENOVO DYNASKY T510 DESKTOP,LENOVO W
LENOVO IDEACENTER M590 DESKTOP,LENOVO W
LENOVO AIO 520 27,LENOVO W
LENOVO IDEACENTRE 3 24,LENOVO W
LENOVO IDEACENTER S660 AIO 24,LENOVO W
LENOVO AIO 24,LENOVO W
LENOVO THINKSTATION DESKTOP,LENOVO W
LENOVO THINKSTATION P720 DESKTOP,LENOVO W
LENOVO E5 15,LENOVO V SERIES V110 15
LENOVO IDEACENTRE M4000Q DESKTOP,LENOVO W
LENOVO IDEACENTRE AIO 23,LENOVO W
LENOVO IDEACENTRE 520 AIO 21,LENOVO W
LENOVO M460 DESKTOP,LENOVO W
LENOVO THINKSTATION P360 DESKTOP,LENOVO W
LENOVO IDEACENTRE A540 27,LENOVO W
LENOVO E4 15 ,LENOVO V SERIES V110 15
LENOVO CO42F2 DESKTOP,LENOVO W
LENOVO THINKCENTER E77S DESKTOP,LENOVO W
LENOVO IDEACENTER P780 DESKTOP,LENOVO W
LENOVO IDEACENTER A340 AIO 21.5,LENOVO W
LENOVO AIO 330 19,LENOVO W
LENOVO IDEACENTRE G5 GAMING DESKTOP,LENOVO W
LENOVO IDEACENTER AIO 23.8,LENOVO W
LENOVO THINKSERVER T100 DESKTOP,LENOVO W
LENOVO TS90X DESKTOP,LENOVO W
LENOVO COOL 300 DESKTOP ,LENOVO W
LENOVO M4000 DESKTOP,LENOVO W
LENOVO IDEACENTER3I DESKTOP,LENOVO W
LENOVO AIO 520 23,LENOVO W
LENOVO THINKSERVER T110C DESKTOP,LENOVO W
LENOVO IDEACENTRE 310S,LENOVO W
LENOVO IDEACENTER 3 DESKTOP,LENOVO W
LENOVO IDEACENTER 3I AIO ,LENOVO W
LENOVO IDEACENTER 510A DESKTOP,LENOVO W
LENOVO 512  15,LENOVO W
LENOVO GAMING LAPTOP 15,LENOVO W
LENOVO IDEACENTER 510S AIO 23,LENOVO W
LENOVO S-CLASS 15,LENOVO W
LENOVO 512 15,LENOVO W
LENOVO 512  17,LENOVO W
LENOVO SLIMPRO 9I 14,LENOVO W
LENOVO IDEACENTRE MINI DESKTOP,LENOVO W
LENOVO V50T DESKTOP,LENOVO W
LENOVO 7000 15,LENOVO W
LENOVO LAPTOP 15 ,LENOVO W
LENOVO AIR 14,LENOVO W
LENOVO IDEACENTER S660 DESKTOP,LENOVO W
LENOVO TAB B10 3,LENOVO W
LENOVO TAB M9  ,LENOVO W
LENOVO TAB P12 12,LENOVO W
LENOVO TAB M10 10,LENOVO W
LENOVO TAB M8 8,LENOVO W
LENOVO TAB M7 7,LENOVO W
LENOVO TAB P11 PLUS 11,LENOVO W
LENOVO TAB M10 PLUS 10,LENOVO W
LENOVO TAB P11 PRO 11,LENOVO W
LENOVO TAB P11 11,LENOVO W
LENOVO TAB M8 ,LENOVO W
LENOVO TAB P11,LENOVO W
LENOVO TAB P12 PRO,LENOVO W
LENOVO TAB M10 PLUS,LENOVO W
LENOVO M9 9,LENOVO W
LENOVO M10 HD 2ND GEN 10,LENOVO W
LENOVO TAB P 11,LENOVO W
LENOVO TAB P11 ,LENOVO W
LENOVO TAB M9 9,LENOVO W
LENOVO TAB M8 HD 8,LENOVO W
LENOVO M10 PLUS 10,LENOVO W
LENOVO TAB B10 10,LENOVO W
LENOVO TAB 9,LENOVO W
LENOVO TAB M8 HD 2ND GEN 8,LENOVO W
LENOVO TABLET M8 8,LENOVO W
LENOVO TAB M 10,LENOVO W
LENOVO TAB P12 PRO 12,LENOVO W
LENOVO ECOLOGICAL 10,LENOVO W
LENOVO TABLET M 10,LENOVO W
LENOVO TIANJIAO PAD 11,LENOVO W
LENOVO TAB M10 9,LENOVO W
LENOVO TAB K10 10,LENOVO W
LENOVO TABLET M7 7,LENOVO W
LENOVO TAB M10,LENOVO W
LENOVO TAB 7,LENOVO W
LENOVO TAB M7 HD 3RD GEN,LENOVO W
LENOVO PHAB 2 6,LENOVO W
LENOVO V7 7,LENOVO W
LENOVO TAB 4 8,LENOVO W
LENOVO TAB E10 10,LENOVO W
LENOVO TAB 13,LENOVO W
LENOVO M8 8,LENOVO W
LENOVO TAB M10 PLUS 2 10,LENOVO W
LENOVO M7 3RD GEN 7,LENOVO W
LENOVO SMART TAB M8 8,LENOVO W
LENOVO TAB TABLET 7,LENOVO W
LENOVO TAB P11 11 ,LENOVO W
LENOVO TAB P10 10,LENOVO W
LENOVO TABLET,LENOVO W
LENOVO TAB E8 8,LENOVO W
LENOVO M7 7,LENOVO W
LENOVO P12 PRO 12,LENOVO W
LENOVO TAB V7 6,LENOVO W
LENOVO TABLET P11,LENOVO W
LENOVO TAB 4 10,LENOVO W
LENOVO TAB M8,LENOVO W
LENOVO TAB 10,LENOVO W
LENOVO SMART TAB P10 10,LENOVO W
LENOVO TAB 3 8,LENOVO W
LENOVO TAB EXTREME 14,LENOVO W
LENOVO TAB 6  12,LENOVO W
LENOVO TAB M 8,LENOVO W
LENOVO TAB P 12,LENOVO W
LENOVO TAB M 7,LENOVO W
LENOVO TAB M 9,LENOVO W
LENOVO TAB M10 7,LENOVO W
LENOVO TAB P12  12,LENOVO W
LENOVO TAB EXTREAME 14,LENOVO W
LENOVO TAB M11 11,LENOVO W
LENOVO PAD PRO 12,LENOVO W
LENOVO TAB 8,LENOVO W
LENOVO C14 14,LENOVO THINKPAD C14
LENOVO 300E 11,LENOVO 100E
LENOVO L340 17,LENOVO IDEAPAD GAMING L340
LENOVO K 14 ,LENOVO V SERIES V310 14
ACER ONE 14,ACER ONE 10
ACER ONE 11,ACER ONE 10
LENOVO THINKSTATION K SERIES DESKTOP,LENOVO G SERIES
DELL INSPIRION 3000 15,DELL INSPIRON 15 7000
LENOVO SLIM PRO 14,LENOVO SLIM PRO 7
HP G8 15,HP ZBOOK FURY 15 G8
ASUS VIVOBOOK GO 15,ASUS VIVOBOOK GO 15
ASUS VIVOBOOK 14,VIVOBOOK
ASUS VIVOBOOK 15,VIVOBOOK
ASUS ROG ALLY 7,ASUS
ASUS LAPTOP 14,ASUS LAPTOP
ASUS TUF GAMING F15 ,TUF GAMING F15
ASUS VIVOBOOK 13 ,VIVOBOOK
ASUS ROG ZEPHYRUS DUO 16,ROG ZEPHYRUS DUO
ASUS VIVOBOOK S 14X  ,ASUS VIVOBOOK S 14
ASUS TUF GAMING F 17,TUF GAMING
ASUS ROG FLOW X 13,ROG FLOW
ASUS ROG STRIX SCAR 17,ROG STRIX
ASUS VIVOBOOK X 16,VIVOBOOK
ASUS TIANXUAN 4 15,ASUS
ASUS ROG STRIX G18 18 ,ROG STRIX
ASUS ROG STRIX G17 17,ROG STRIX
ASUS ROG STRIX 17,ROG STRIX
ASUS X515 15,ASUS X515
ASUS VIVOBOOK FLIP 14,VIVOBOOK FLIP
ASUS VIVOBOOK PRO 16,VIVOBOOK PRO
ASUS VIVOBOOK 15 ,VIVOBOOK
ASUS ZENBOOK 14,ZENBOOK
ASUS VIVOBOOK S FLIP 14,VIVOBOOK S FLIP
ASUS LAPTOP 15,ASUS LAPTOP
ASUS VIVOBOOK S 15,VIVOBOOK S
ASUS ROG STRIX G15 15,ROG STRIX
ASUS TUF GAMING 15,TUF GAMING
ASUS TUF GAMING A17 ,TUF GAMING A17
ASUS ROG ZEPHYRUS G14  ,ROG ZEPHYRUS
ASUS ZENBOOK FLIP 14,ZENBOOK FLIP
ASUS ROG FLOW Z13 13,ROG FLOW
ASUS ROG FLOW 13,ROG FLOW
ASUS ZENBOOK FLIP 13,ZENBOOK FLIP 13
ASUS VIVOBOOK PRO 17,VIVOBOOK PRO
ASUS ZEN AIO,ASUS
ASUS TUF GAMING A16 ,TUF GAMING
ASUS ROG FLOW X13 ,ROG FLOW
ASUS VIVOBOOK X515 15,VIVOBOOK
ASUS ZENBOOK UX340 14,ZENBOOK
ASUS VIVOBOOK PRO 16X 16,VIVOBOOK PRO
ASUS E510 15,ASUS
ASUS VIVOBOOK 14 ,VIVOBOOK
ASUS E210 11,ASUS
ASUS VIVOBOOK 11,VIVOBOOK 11
ASUS VIVOBOOK 17,VIVOBOOK
ASUS TUF GAMING A15 15,TUF GAMING
ASUS E410 14,ASUS E410
ASUS VIVOBOOK 14 14,VIVOBOOK
ASUS VIVOBOOK 16,VIVOBOOK
ASUS VIVOBOOK PRO 14X 14 ,VIVOBOOK PRO
ASUS VIVOBOOK PRO 16X  16,VIVOBOOK PRO
ASUS TUF GAMING F 15,TUF GAMING
ASUS ROG ZEPHYRUS G 14,ZEPHYRUS G 14
ASUS TUF GAMING F15 15,TUF GAMING F15
ASUS VIVOBOOK PRO 15,VIVOBOOK PRO 15
ASUS VIVOBOOK PRO 17X  ,VIVOBOOK PRO
ASUS ROG ZEPHYRUS 14,ROG ZEPHYRUS
ASUS ROG STRIX SCAR 16,ROG STRIX
ASUS VIVOBOOK 16 ,VIVOBOOK
ASUS ZENBOOK 14X 14,ZENBOOK
ASUS VIVOBOOK S 14,ASUS VIVOBOOK S 14
ASUS TUF GAMING A15 ,TUF GAMING
ASUS ROG XG DESKTOP,ASUS
ASUS TUF GAMING F17 ,TUF GAMING
ASUS VIVOBOOK PRO 16X  ,VIVOBOOK PRO
ASUS VIVOBOOK 16X  ,VIVOBOOK
ASUS TUF GAMING A17 17,TUF GAMING A17
ASUS VIVOBOOK K15 15,VIVOBOOK
ASUS Q406DA 14,ASUS
ASUS L210 11,ASUS
ASUS L410 14,ASUS L410
ASUS L510 15,ASUS L510
ASUS TIANXUAN 14,ASUS
ASUS BR1100 11,ASUS
ASUS ROG STRIX DESKTOP,ROG STRIX
ASUS CHROMEBOOK FLIP 15,ASUS CHROMEBOOK
ASUS ZENBOOK PRO 15,ZENBOOK PRO
ASUS VIVOBOOK GO 12,VIVOBOOK GO
ASUS TUF DASH 15,TUF DASH
ASUS TUF GAMING F17 17,TUF GAMING
ASUS ROG ZEPHYRUS G14 14,ROG ZEPHYRUS
ASUS ZENBOOK PRO 17,ZENBOOK PRO
ASUS VIVOBOOK PRO 16  ,VIVOBOOK PRO
ASUS ROG STRIX G16 16,ROG STRIX
ASUS ZENBOOK PRO 13,ZENBOOK PRO
ASUS PROART STUDIOBOOK 16,ASUS PROART STUDIOBOOK 16
ASUS TUF DASH F15 15,TUF DASH
ASUS TUF GAMING 17,TUF GAMING
ASUS ROG STRIX G15  ,ROG STRIX
ASUS VIVOBOOK 14X  ,VIVOBOOK
ASUS X543 15,ASUS
ASUS VIVOBOOK S 14X 14,ASUS VIVOBOOK S 14
ASUS VIVOBOOK S15 15,VIVOBOOK S
ASUS ZENBOOK 15,ZENBOOK
ASUS ROG TABLET 13,ASUS
ASUS ROG ZEPHYRUS 15,ROG ZEPHYRUS
ASUS ROG ZEPHYRUS 16,ROG ZEPHYRUS
ASUS VIVOBOOK X 15,VIVOBOOK
ASUS M SERIES AIO 27,ASUS M SERIES
ASUS ZENBOOK FLIP 15,ZENBOOK FLIP
ASUS ROG DESKTOP,ASUS
ASUS ROG GAMING DESKTOP,ASUS
ASUS ROG 16,ASUS
ASUS ROG STRIX SCAR 15,ROG STRIX
ASUS DESKTOP,ASUS
ASUS ROG STRIX 18,ROG STRIX
ASUS TUF GAMING A16 16,TUF GAMING
ASUS ROG ZEPHYRUS M16 16,ROG ZEPHYRUS
ASUS ROG FLOW X16 16,ROG FLOW
ASUS VIVOBOOK PRO 14,VIVOBOOK PRO
ASUS VIVOBOOK 14I 14,VIVOBOOK
ASUS EXPERTBOOK 15,EXPERTBOOK
ASUS ADOLBOOK 14,ADOLBOOK
ASUS ZENBOOK PRO 14,ASUS ZENBOOK PRO 14
ASUS VIVOBOOK 13,VIVOBOOK
ASUS EXPERTBOOK 14,EXPERTBOOK
ASUS TUF GAMING DESKTOP,TUF GAMING
ASUS DIY DESKTOP,ASUS
ASUS FUTUREIST DESKTOP,ASUS
ASUS MINI DESKTOP,ASUS
ASUS EXPERTCENTER MINI DESKTOP,ASUS
ASUS EXPERTBOOK 13,EXPERTBOOK
ASUS ZENBOOK  X 14 ,ZENBOOK
ASUS E510 14,ASUS
ASUS E410 15,ASUS E410
ASUS ZENBOOK 13,ZENBOOK 13
ASUS ZENBOOK X 14,ZENBOOK
ASUS TIANXUAN 3 15,ASUS
ASUS TIANXUAN 4 PLUS 17,ASUS
ASUS TIANXUAN 2 15,ASUS
ASUS DAYBREAK X DESKTOP,ASUS
ASUS EXPERT MINI DESKTOP,ASUS
ASUS TIANXUAN X DESKTOP,ASUS
ASUS TIANXUAN DESKTOP,ASUS
ASUS GAMING DESKTOP,ASUS
ASUS P17 DESKTOP,ASUS
ASUS ROG ZEPHYRUS M16  16,ROG ZEPHYRUS
ASUS ROG ZEPHYRUS G15 15,ROG ZEPHYRUS
ASUS ADOLBOOK DESKTOP,ADOLBOOK
ASUS TIANXUAN 3 17,ASUS
ASUS TIANXUAN 15,ASUS
ASUS FALCON AIO 23,ASUS
ASUS VIVOBOOK S14 14,VIVOBOOK S
ASUS VIVOBOOK S17 17,VIVOBOOK S17
ASUS VIVOBOOK K 15,VIVOBOOK
ASUS VIVOBOOK SLATE 13,VIVOBOOK SLATE
ASUS ROG STRIX G17  17,ROG STRIX
ASUS VIVOBOOK ULTRA 14,VIVOBOOK
ASUS VIVOBOOK GAMING F571 15,VIVOBOOK
ASUS LAPTOP X515 15,ASUS LAPTOP
ASUS VIVOBOOK K15  15,VIVOBOOK
ASUS VIVOBOOK 15 15,VIVOBOOK
ASUS VIVOBOOK  K15 15,VIVOBOOK
ASUS ROG ZEPHYRUS G15,ROG ZEPHYRUS
ASUS BR1100 NOTEBOOK 12 11,NOTEBOOK
ASUS VIVOBOOK PRO K340 14,VIVOBOOK PRO
ASUS ROG STRIX 15,ROG STRIX
ASUS ROG ZEPHYRUS 17,ROG ZEPHYRUS
ASUS ZENBOOK DUO 14,ZENBOOK DUO
ASUS TUF DASH GAMING 15,TUF DASH
ASUS A516 15,ASUS
ASUS VIVOBOOK 17 17,VIVOBOOK
ASUS ROG FLOW X13 13,ROG FLOW
ASUS AIO 24,ASUS
ASUS LAPTOP E410 14,ASUS LAPTOP
ASUS FLOW X16 16,ASUS
ASUS LAPTOP E210 11,ASUS LAPTOP
ASUS AIO 23,ASUS
ASUS VIVOBOOK SLATE 15,VIVOBOOK SLATE
ASUS VIVOBOOK 17 ,VIVOBOOK
ASUS ROG STRIX G15  15,ROG STRIX
ASUS X140 14,ASUS
ASUS VIVOBOOK K513 15,VIVOBOOK
ASUS VIVOBOOK PRO 14  ,VIVOBOOK PRO
ASUS ZENBOOK PRO 16,ZENBOOK PRO
ASUS ZEPHYRUS M 16,ASUS
ASUS BR11 11,ASUS
ASUS PN51 DESKTOP,ASUS
ASUS R410 14,ASUS
ASUS ZENBOOK DUO 15,ZENBOOK DUO
ASUS ROG STRIX SCAR G17 17,ROG STRIX
ASUS STUDIOBOOK 16,ASUS STUDIOBOOK
ASUS EXPERTCENTRE DESKTOP,ASUS
ASUS GAMING TUF 17,ASUS
ASUS ZENBOOK PRO DUO 15,ZENBOOK PRO DUO
ASUS VIVOBOOK S 15 ,VIVOBOOK S
ASUS ROG ZEPHYRUS G14  14,ROG ZEPHYRUS
ASUS VIVOBOOK  K14 14,VIVOBOOK
ASUS X415 14,ASUS
ASUS ZENBOOK UX325 13,ZENBOOK
ASUS VIVOBOOK 145,VIVOBOOK
ASUS VIVOBOOK PRO 15X 15,VIVOBOOK PRO 15
ASUS TUF GAMING FX505,TUF GAMING FX
ASUS ZENBOOK S 13,ASUS ZENBOOK S 13
ASUS BR1100 LAPTOP 11,LAPTOP
ASUS PN64 DESKTOP,ASUS
ASUS VIVOBOOK 5 15,VIVOBOOK
ASUS TUF GAMING,TUF GAMING
ASUS BR1100 12,ASUS
ASUS ROG FLOW Z13 ,ROG FLOW
ASUS VIVOBOOK GO 14,VIVOBOOK GO
ASUS VIVOBOOK FLIP S14 14,VIVOBOOK FLIP
ASUS ZENBOOK UX530 13,ZENBOOK UX530
ASUS VIVOBOOK ULTRA K14 14,VIVOBOOK
ASUS ZENBOOK S13 13,ZENBOOK S
ASUS CHROMEBOOK 14,ASUS CHROMEBOOK
ASUS TUF GAMING 16,TUF GAMING
ASUS VIVOBOOK 16 16,VIVOBOOK
ASUS PN41,ASUS
ASUS ROG STRIX 16,ROG STRIX
ASUS VIVOBOOK S 16,VIVOBOOK S
ASUS VIVOBOOK PRO N7600 16X 16,VIVOBOOK PRO
ASUS LAPTOP E210 12,ASUS LAPTOP
ASUS R415 14,ASUS
ASUS VIVOBOOK X415 14,VIVOBOOK
ASUS VIVOBOOK X409 14,VIVOBOOK
ASUS VIVOBOOK M415 14,VIVOBOOK
ASUS VIVOBOOK M515 15,VIVOBOOK
ASUS VIVOBOOK PRO M7400 14,VIVOBOOK PRO
ASUS VIVOBOOK ULTRA 15,VIVOBOOK
ASUS M515 15,ASUS
ASUS VIVOBOOK ULTRA K4 14,VIVOBOOK
ASUS VIVO AIO 21,VIVO
ASUS VIVOBOOK PRO K3500 15,VIVOBOOK PRO
ASUS LAPTOP E510 15,ASUS LAPTOP
ASUS VIVOBOOK X712 17,VIVOBOOK
ASUS VIVOBOOK X705 17,VIVOBOOK
ASUS LAPTOP L410 14,ASUS LAPTOP
ASUS W202 11,ASUS
ASUS ZENBOOK S13,ZENBOOK S
ASUS ZENBOOK FLIP S 13,ZENBOOK FLIP
ASUS MINI PN51 DESKTOP,ASUS
ASUS LAPTOP A516 15,ASUS LAPTOP
ASUS LAPTOP X415 14,ASUS LAPTOP
ASUS VIVOBOOK X 17,VIVOBOOK
ASUS ROG ZEPHYRUS S15 15,ROG ZEPHYRUS
ASUS NOTEBOOK 11,NOTEBOOK
ASUS VIVOBOOK FLIP 11,VIVOBOOK FLIP
ASUS VIVOBOOK E203 11,VIVOBOOK
ASUS ROG STRIX GL504 15,ROG STRIX
ASUS ROG ZEPHYRUS DUO 15,ROG ZEPHYRUS DUO
ASUS LAPTOP R410 14,ASUS LAPTOP
ASUS Q507 15,ASUS
ASUS GAMING NOTEBOOK 15,NOTEBOOK
ASUS Q406 14,ASUS
ASUS ROG ZEPHYRUS M15 15,ROG ZEPHYRUS
ASUS ROG ZEPHYRUS G14,ROG ZEPHYRUS
ASUS ROG 13,ASUS
ASUS ROG STRIX GAMING DESKTOP,ROG STRIX
ASUS ROG ZEPHYRUS M15,ROG ZEPHYRUS
ASUS LAPTOP X441BA 14,ASUS LAPTOP
ASUS VIVOBOOK X513 15,VIVOBOOK
ASUS ROG STRIX G15 DESKTOP,ROG STRIX
ASUS ROG STRIX G10 DESKTOP,ROG STRIX
ASUS A1 DESKTOP,ASUS
ASUS DESKTOP M5,ASUS
ASUS DESKTOP P1,ASUS
ASUS TIANXUAN 3 PLUS 17,ASUS
ASUS DESKTOP S5,ASUS
ASUS VIVOBOOK S415 14,VIVOBOOK S
ASUS DASH TUF 15,ASUS
ASUS VIVOBOOK PRO 15  ,VIVOBOOK PRO 15
ASUS TUF DASH F15 ,TUF DASH
ASUS ROG ZEPHYRUS M16  ,ROG ZEPHYRUS
ASUS TUF A15 15,TUF A15
ASUS ROG STRIX SCAR  17,ROG STRIX
ASUS VIVOBOOK PRO 15X  ,VIVOBOOK PRO 15
ASUS VIVOBOOK PRO 14X  ,VIVOBOOK PRO
ASUS PROART DESKTOP,PROART
ASUS ROG STRIX G 17,ROG STRIX
ASUS ROG STRIX G 15,ROG STRIX
ASUS INTREPID PRO 14,ASUS
ASUS INTREPID PRO 15,ASUS
ASUS BUNKER M5 DESKTOP,ASUS
ASUS AIO M241 24,ASUS
ASUS ZEN AIO 24,ASUS
ASUS ROG FLOW X13,ROG FLOW
ASUS LAPTOP A416 14,ASUS LAPTOP
ASUS TUF DASH F17 17,TUF DASH
ASUS M570 15,ASUS
ASUS REDOLBOOK 14,ASUS
ASUS EXPERTBOOK PRO 13,EXPERTBOOK
ASUS UNKNOWN,ASUS
ASUS P1 DESKTOP,ASUS
ASUS S5 DESKTOP,ASUS
ASUS EXPERTBOOK 11,EXPERTBOOK
ASUS VIVOBOOK SLIM S510 15,VIVOBOOK S
ASUS EXPERTBOOK B9 14,EXPERTBOOK B9
ASUS ROG ZEPHYRUS S17 17,ROG ZEPHYRUS
ASUS TRANSFORMER BOOK 10,ASUS TRANSFORMER BOOK
ASUS M5 DESKTOP,ASUS
ASUS P3 GAMING DESKTOP,ASUS
ASUS FALCON M3 AIO 24,ASUS
ASUS E406 14,ASUS
ASUS VIVOBOOK ULTRA K15 15,VIVOBOOK
ASUS ZENBOOK UX303 13,ZENBOOK UX303
ASUS ADOLBOOK  14S 14,ADOLBOOK
ASUS EXPERTBOOK PRO 14,EXPERTBOOK
ASUS VIVOBOOK 360 14,VIVOBOOK
ASUS ZENBOOK X14 14,ZENBOOK
ASUS ZENBOOK FLIP X 13,ZENBOOK FLIP
ASUS TIANXUAN X GAMING DESKTOP,ASUS
ASUS S500 DESKTOP,ASUS
ASUS V4 AIO 21,ASUS
ASUS V4000 AIO 21,ASUS
ASUS EXPERTOOK 14,ASUS
ASUS B11 11,ASUS
ASUS TUF DASH F15,TUF DASH
ASUS NOTEBOOK X543 15,NOTEBOOK
ASUS VIVOBOOK 15X 15,VIVOBOOK
ASUS ZENBOOK  X13 13,ZENBOOK
ASUS ZENBOOK  X14 14,ZENBOOK
ASUS VIVOBOOK PRO 1414,VIVOBOOK PRO
ASUS ZENBOOK X 13,ZENBOOK
ASUS EXPERTBOOK P3 13,EXPERTBOOK
ASUS EXPERTBOOK PRO 15,EXPERTBOOK
ASUS VIVOBOOK PRO 14X  14,VIVOBOOK PRO
ASUS PROART 16,PROART
ASUS DESKTOP ,ASUS
ASUS VIVOBOOK E203 12,VIVOBOOK
ASUS ROG ZEPHYRUS S 15,ROG ZEPHYRUS S 15
ASUS VIVOBOOK F510 15,VIVOBOOK
ASUS FX505 NOTEBOOK 15,NOTEBOOK
ASUS ADOLBOOK PRO 14,ADOLBOOK
ASUS ZENBOOK X PRO 14,ZENBOOK
ASUS ZENBOOK X13 13,ZENBOOK
ASUS ZENBOOK X PRO 15 ,ZENBOOK
ASUS BUNKER S5 DESKTOP,ASUS
ASUS ZEPHYRUS DUO 16,ASUS
ASUS ROG ZEPHYRUS G16 16,ROG ZEPHYRUS
ASUS P DESKTOP,ASUS
ASUS PN DESKTOP,ASUS
ASUS BREAKING DAWN DESKTOP,ASUS
ASUS T DESKTOP,ASUS
ASUS PB DESKTOP,ASUS
ASUS BEAN DESKTOP,ASUS
ASUS V5 AIO 23,ASUS
ASUS P1550 15,ASUS
ASUS TUF A17 17,ASUS
ASUS STRIX SCAR 18,ASUS
ASUS ROG 15,ASUS
ASUS VIVOBOOK F412 14,VIVOBOOK
ASUS ZENBOOK PRO DUO 14,ASUS ZENBOOK PRO DUO 14
ASUS PN41 DESKTOP,ASUS
ASUS TUF DASH 15 ,TUF DASH
ASUS EXPERTCENTER DESKTOP,ASUS
ASUS A4 DESKTOP,ASUS
ASUS F SERIES 15,ASUS F SERIES
ASUS D SERIES 15,ASUS D SERIES
ASUS ROG ZEPHYRUS M16 16 ,ROG ZEPHYRUS
ASUS STRIX SCAR 15,ASUS
ASUS VIVOBOOK PRO 14X 14,VIVOBOOK PRO
ASUS ROG STRIX G17  ,ROG STRIX
ASUS ROG ZEPHYRUS G15  ,ROG ZEPHYRUS
ASUS ROG ZEPHYURS G15 15,ASUS
ASUS P9 DESKTOP,ASUS
ASUS DAWN X DESKTOP,ASUS
ASUS B3 DESKTOP,ASUS
ASUS T7 DESKTOP,ASUS
ASUS FALCON AIO 23.8,ASUS
ASUS FALCON AIO 21,ASUS
ASUS ROG FLOW Z 13,ROG FLOW
ASUS ROG GL752 17,ASUS
ASUS NOTEBOOK 15,NOTEBOOK
ASUS ZENBOOK X PRO 14 ,ZENBOOK
ASUS TIANXUAN 4 17,ASUS
ASUS PROART TRON 16,PROART
ASUS FUTURIST DESKTOP,ASUS
ASUS PN50 MINI PC,ASUS
ASUS ZENBOOK FLIP PRO 15,ZENBOOK FLIP
ASUS ROG STRIX G18  ,ROG STRIX
ASUS TIANXUAN 4 16,ASUS
ASUS ROG STRIX G16  ,ROG STRIX
ASUS VIVOBOOK GO FLIP 14,VIVOBOOK GO FLIP
ASUS ROG STRIX G10  ,ROG STRIX
ASUS VIVOBOOK 15I,VIVOBOOK
ASUS ZENBOOK  X13 ,ZENBOOK
ASUS ADOLBOOK PRO14,ADOLBOOK
ASUS ROG ZEPHYRUS G 16 ,ROG ZEPHYRUS
ASUS ZENBOOK X13,ZENBOOK
ASUS VIVOBOOK  14,VIVOBOOK
ASUS TUF GAMING F15  15,TUF GAMING F15
ASUS ROG STRIX SCAR 18,ROG STRIX
ASUS TIANXUAN  3 15,ASUS
ASUS VIVOBOOK X 14  ,VIVOBOOK
ASUS TUF GAMING A 16,TUF GAMING
ASUS VIVOBOOK PRO  16,VIVOBOOK PRO
ASUS ZENBOOK FLIP ,ZENBOOK FLIP
ASUS TUF GAMING A15  15,TUF GAMING
ASUS X513 15,ASUS
ASUS GAMING AIO 27,ASUS
ASUS VIVOBOOK  15,VIVOBOOK
ASUS VIVOBOOK PRO 16 15,VIVOBOOK PRO
ASUS ADOLBOOK  14,ADOLBOOK
ASUS VIVOBOOK PRO  15,VIVOBOOK PRO
ASUS ZENBOOK  14,ZENBOOK
ASUS VIVOBOOK  16,VIVOBOOK
ASUS TUF GAMING  15,TUF GAMING
ASUS VIVOBOOK 15  16,VIVOBOOK
ASUS ZENBOOK X  13,ZENBOOK
ASUS VIVOBOOK 15  14,VIVOBOOK
ASUS VIVOBOOK PRO 15 16,VIVOBOOK PRO 15
ASUS ZENBOOK FLIP  14,ZENBOOK FLIP
ASUS ROG ALLY,ASUS
ASUS VIVOBOOK PROX   16,VIVOBOOK PRO
ASUS TUF GAMING A 17,TUF GAMING
ASUS VIVOBOOK PROX   15,VIVOBOOK PRO
ASUS EXPERTBOOK B15 13,EXPERTBOOK B
ASUS EXPERTCENTER D DESKTOP,ASUS
ASUS ROG GAMING 14,ASUS
ASUS VIVOBOOK FLIP 16,VIVOBOOK FLIP
ASUS ROG FLOW 16,ROG FLOW
ASUS LAPTOP 11,ASUS LAPTOP
ASUS TUF A16 16,ASUS
ASUS ROG ZEPHYRUS G14   14,ROG ZEPHYRUS
ASUS ROG STRIX G17   17,ROG STRIX
ASUS ZENBOOK DUO  14,ZENBOOK DUO
ASUS ZENBOOK UX340  14,ZENBOOK
ASUS ROG STRIX G16   16,ROG STRIX
ASUS TIANXUAN 11,ASUS
ASUS ZENBOOK PRO  17,ZENBOOK PRO
ASUS ROG STRIX G 17 ,ROG STRIX
ASUS EXPERTCENTER PN DESKTOP,ASUS
ASUS X115 15,ASUS
ASUS ROG STRIX G18 18,ROG STRIX
ASUS VIVOBOOK L510 15,VIVOBOOK
ASUS VIVOBOOK PRO 17X 17,VIVOBOOK PRO
ASUS A340 DESKTOP 24,ASUS
ASUS EXPERRTBOOK 14,ASUS
ASUS CHROMEBOOK FLIP CX3 14,ASUS CHROMEBOOK
ASUS CHROMEBOOK CM 14,ASUS CHROMEBOOK
ASUS CHROMEBOOK FLIP 14,ASUS CHROMEBOOK
ASUS CHROMEBOOK 15,ASUS CHROMEBOOK
ASUS CHROMEBOOK CX1 11,ASUS CHROMEBOOK
ASUS CHROMEBOOK 11,ASUS CHROMEBOOK
ASUS CHROMEBOOK FLIP 11,ASUS CHROMEBOOK
ASUS CHROMEBOOK FLIP C434 14,ASUS CHROMEBOOK
ASUS CHROMEBOOK CX1 15,ASUS CHROMEBOOK
ASUS CHROMEBOOK C214 11,ASUS CHROMEBOOK
ASUS CHROMEBOOK 10,ASUS CHROMEBOOK
ASUS CHROMEBOOK FLIP CX1 14,ASUS CHROMEBOOK
ASUS CHROMEBOOK FLIP C55 15,ASUS CHROMEBOOK
ASUS CHROMEBOOK FLIP 16,ASUS CHROMEBOOK
ASUS CHROMEBOOK 17,ASUS CHROMEBOOK
ASUS CHROMEBOOK FLIP C214 11,ASUS CHROMEBOOK
ASUS CHROMEBOOK C403 14,ASUS CHROMEBOOK
ASUS CHROMEBOOK FLIP C433 14,ASUS CHROMEBOOK
ASUS CHROMEBOOK CX 17,ASUS CHROMEBOOK
ASUS CHROMEBOOK C202 11,ASUS CHROMEBOOK
ASUS CHROMEBOOK FLIP CX5,ASUS CHROMEBOOK
ASUS CHROMEBOOK CX 15,ASUS CHROMEBOOK
ASUS CHROMEBOOK TAB 10,ASUS CHROMEBOOK
ASUS CHROMEBOOK CX15 15,ASUS CHROMEBOOK
ASUS CHROMEBOOK C203 11,ASUS CHROMEBOOK
ASUS CHROMEBOOK FLIP 12,ASUS CHROMEBOOK
ASUS CHROMEBOOK CM3 10,ASUS CHROMEBOOK
ASUS CHROMEBOOK C425 14,ASUS CHROMEBOOK
ASUS CHROMEBOOK VIBE CX 15,ASUS CHROMEBOOK
ASUS CHROMEBOOK C223,ASUS CHROMEBOOK
ASUS CHROMEBOOK CX55 15,ASUS CHROMEBOOK
ASUS CHROMEBOOK C424 14,ASUS CHROMEBOOK
ASUS CHROMEBOOK C523 15,ASUS CHROMEBOOK
ASUS C433 14,ASUS
ASUS CHROMEBOOK C223 11,ASUS CHROMEBOOK
ASUS CHROMEBOOK CX1 17,ASUS CHROMEBOOK
ASUS CHROMEBOOK C204 11,ASUS CHROMEBOOK
ASUS CHROMEBOOK C436 14,ASUS CHROMEBOOK
ASUS CHROMEBOOK C423 14,ASUS CHROMEBOOK
ASUS CHROMEBOX 4 DESKTOP,ASUS
ASUS CHROMEBOOK FLIP C234 11,ASUS CHROMEBOOK
ASUS CHROMEBOOK FLIP C213 11,ASUS CHROMEBOOK
ASUS CHROMEBOOK TABLET 9,ASUS CHROMEBOOK
ASUS CHROMEBOOK FLIP C436 14,ASUS CHROMEBOOK
ASUS CHROMEBOOK CX 11,ASUS CHROMEBOOK
ASUS CHROMEBOOK FLIP 10,ASUS CHROMEBOOK
ASUS CHROMEBOOK  14,ASUS CHROMEBOOK
ASUS CHROMEBOOK FLIP  14,ASUS CHROMEBOOK
ASUS CHROMEBOOK  15,ASUS CHROMEBOOK
ASUS CHROMEBOOK SPIN X360 11,ASUS CHROMEBOOK
ASUS CHROMEBOOK VERO 14,ASUS CHROMEBOOK
ASUS CHROMEBOOK FLIP C302 12,ASUS CHROMEBOOK
ACER EXTENSA 15,EXTENSA
ACER ASPIRE 3 15,ASPIRE 3
ACER ASPIRE 5 17,ASPIRE 5
ACER PREDATOR HELIOS NEO 16,PREDATOR HELIOS NEO
ACER SPIN 1 14,SPIN 1
ACER NITRO 5 15,NITRO 5
ACER NITRO 5 17,NITRO 5
ACER ASPIRE 5 15,ASPIRE 5
ACER SWIFT 3 13,SWIFT 3
ACER SWIFT GO 14,SWIFT GO
ACER SWIFT 3 14,SWIFT 3
ACER NITRO 5  15,NITRO 5
ACER ASPIRE 3 14,ASPIRE 3
ACER ASPIRE VERO 15,ASPIRE VERO
ACER ASPIRE 1 14,ASPIRE 1 14
ACER ASPIRE 3 17,ASPIRE 3 17
ACER SWIFT 1 14,SWIFT 1
ACER ASPIRE XC DESKTOP,ASPIRE
ACER ASPIRE 1 15,ASPIRE 1
ACER ASPIRE 5 14,ASPIRE 5
ACER NITRO 16,ACER NITRO 16
ACER ASPIRE SLIM 5 15,ASPIRE
ACER ASPIRE 7 15,ASPIRE 7
ACER PREDATOR NEO 16,PREDATOR
ACER NITRO 15,NITRO
ACER PREDATOR HELIOS 18,PREDATOR HELIOS
ACER PREDATOR HELIOS NEO 17,PREDATOR HELIOS NEO
ACER PREDATOR HELIOS 300 17,PREDATOR HELIOS 300
ACER PREDATOR HELIOS 300 15,PREDATOR HELIOS 300
ACER PREDATOR NEO 17,PREDATOR
ACER PREDATOR BLADE X 17,PREDATOR
ACER SPIN 3 14,SPIN 3
ACER SWIFT X 14,SWIFT X
ACER ASPIRE TC DESKTOP,ASPIRE
ACER ASPIRE 15,ASPIRE 1
ACER NITRO 17,ACER NITRO 17
ACER ASPIRE 5 SLIM 15,ASPIRE 5
ACER PREDATOR TRITON 300 SE 14,PREDATOR TRITON 300
ACER SPIN 5 13,SPIN 5 13
ACER PREDATOR ORION 5000 DESKTOP,PREDATOR
ACER PREDATOR HELIOS 16,PREDATOR HELIOS
ACER SWIFT 15,SWIFT 1
ACER SWIFT 14,SWIFT 1
ACER SWIFT MINI DESKTOP,SWIFT
ACER SWIFT EDGE 16,SWIFT
ACER SWIFT GO 16,ACER SWIFT GO 16
ACER SWIFT 5 14,SWIFT 5
ACER EXTENSA EX214 14,EXTENSA
ACER SWIFT FUN 15,SWIFT
ACER SWIFT EDGE 15,SWIFT
ACER EXTENSA 14,EXTENSA
ACER PREDATOR HELIOS NEO 15,PREDATOR HELIOS NEO
ACER SWIFT X 16,SWIFT X
ACER SWIFT FUN 14,SWIFT
ACER NITRO DESKTOP,NITRO
ACER PREDATOR HELIO 15,PREDATOR
ACER PREDATOR TRITON 500 15,PREDATOR TRITON 500
ACER NITRO PRO 15,NITRO
ACER NITRO 7 15,NITRO 7 15
ACER PREDATOR 17,PREDATOR
ACER PREDATOR 15,PREDATOR
ACER PREDATOR HELIOS 300,PREDATOR HELIOS 300
ACER TRAVELMATE P2 14,TRAVELMATE P2
ACER CONCEPTD 5 15,CONCEPTD 5
ACER PREDATOR ORION DESKTOP,PREDATOR
ACER ASPIRE DESKTOP,ASPIRE
ACER PREDATOR DESKTOP,PREDATOR
ACER ASPIRE AIO 24,ASPIRE
ACER ASPIRE E 15,ASPIRE
ACER NITRO N50 DESKTOP,NITRO
ACER ASPIRE C27 AIO 27,ASPIRE
ACER SWIFT 3 16,SWIFT 3
ACER TRAVELMATE P2 15,TRAVELMATE P2
ACER CONCEPTD 3 PRO 15,CONCEPTD 3
ACER PREDATOR TRITON 500 SE 16,PREDATOR TRITON 500
ACER ASPIRE AIO 23,ASPIRE
ACER PREDATOR 16,PREDATOR
ACER PREDATOR TRITON 16,PREDATOR TRITON
ACER PREDATOR HELIOS 17,PREDATOR HELIOS
ACER ONE 10,ACER ONE 10
ACER PREDATOR HELIOS 3,PREDATOR HELIOS
ACER TRAVELMATE B3 11,ACER TRAVELMATE B3
ACER PREDATOR TRITON 17,PREDATOR TRITON
ACER CONCEPTD 3 EZEL 14,CONCEPTD 3
ACER SWIFT 5 15,SWIFT 5
ACER ASPIRE AIO 27,ASPIRE
ACER SPIN 1 11,SPIN 1 11
ACER SWIFT 3 15,SWIFT 3
ACER NOTEBOOK 15,NOTEBOOK
ACER PREDATOR TRITON 500 16,PREDATOR TRITON 500
ACER PREDATOR TRITON 300 14,PREDATOR TRITON 300
ACER PREDATOR ORION 3000 DESKTOP,PREDATOR
ACER NITRO 50 DESKTOP,NITRO 5
ACER ASPIRE X DESKTOP,ASPIRE
ACER SWIFT S40 14,SWIFT
ACER SWIFT 16,SWIFT 1
ACER PREDATOR ORION 7000 DESKTOP,PREDATOR
ACER TRAVELMATE SPIN 11,TRAVELMATE
ACER ASPIRE S40 14,ASPIRE
ACER SWIFT S3 14,SWIFT
ACER EXTENSA EX215 15,EXTENSA
ACER SWIFT FUN S40 14,SWIFT
ACER SWIFT FUN S50 15,SWIFT
ACER TRAVELMATE 15,TRAVELMATE
ACER SPIN 3 13,SPIN 3
ACER SWIFT S50 15,SWIFT
ACER NOTEBOOK 14,NOTEBOOK
ACER EXTENSA  EX215 15,EXTENSA
ACER EXTENSA  EX215  15,EXTENSA
ACER ENDURO 14,ENDURO
ACER SWIFT S40 15,SWIFT
ACER ASPIRE XC 830,ASPIRE
ACER TRAVELMATE SPIN P6 14,ACER TRAVELMATE SPIN P6
ACER PREDATOR 300 14,PREDATOR
ACER PREDATOR TRITON 300 15,PREDATOR TRITON 300
ACER PREDATOR TRITON 300 17,PREDATOR TRITON 300
ACER PREDATOR TRITON 14,PREDATOR TRITON
ACER SWIFT X 15,SWIFT X
ACER TRAVELMATE P50 15,TRAVELMATE
ACER NITRO N97 DESKTOP,NITRO
ACER PREDATOR HELIO 300 15,PREDATOR
ACER SPIN 14,SPIN 1
ACER NITRO 5 SPIN 15,NITRO 5
ACER ASPIRE TC 895 DESKTOP,ASPIRE
ACER PREDATOR 14,PREDATOR
ACER ASPIRE LITE 15,ASPIRE
ACER PREDATOR NEO 15,PREDATOR
ACER ASPIRE C27,ASPIRE
ACER NITRO V15,NITRO
ACER ASPIRE 5 ,ASPIRE 5
ACER TRAVELMATE 14,TRAVELMATE
ACER ASPIRE GAMING 5 14,ASPIRE
ACER ASPIRE GAMING 5 15,ASPIRE
ACER PREDATOR NEO 18,PREDATOR
ACER ASPIRE 24,ASPIRE
ACER ASPIRE SPIN 3 14,ASPIRE
ACER NITRO 1 17,NITRO
ACER PREDATOR HELIOS 15,PREDATOR HELIOS
ACER ASPIRE SPIN 5 14,ASPIRE
ACER NITRO 14,NITRO
ACER SWIFT GO 15,SWIFT GO
ACER SWIFT GO PLUS 16,SWIFT GO
ACER CHROMEBOOK SPIN 14,CHROMEBOOK
ACER CHROMEBOOK 3 14,CHROMEBOOK
ACER CHROMEBOOK 15,CHROMEBOOK
ACER CHROMEBOOK SPIN 5 13,CHROMEBOOK
ACER CHROMEBOOK 315 15,CHROMEBOOK
ACER SPIN 3 11,SPIN 3
ACER CHROMEBOOK 311 11,CHROMEBOOK
ACER CHROMEBOOK CB317 17,CHROMEBOOK
ACER CHROMEBOOK 317 17,CHROMEBOOK
ACER CHROMEBOOK 17,CHROMEBOOK
ACER CHROMEBOOK SPIN 3 11,CHROMEBOOK
ACER CHROMEBOOK 3 17,CHROMEBOOK
ACER CHROMEBOOK 5 14,CHROMEBOOK
ACER ONE 10 4,ACER ONE 10
ACER CHROMEBOOK 14,CHROMEBOOK
ACER CHROMEBOOK 11,CHROMEBOOK
ACER CHROMEBOOK SPIN 11,CHROMEBOOK
ACER ENDURO TABLET 10,ENDURO
ACER CHROMEBOOK SPIN 7 14,CHROMEBOOK
ACER CHROMEBOOK 16,CHROMEBOOK
ACER CHROMEBOOK 314 14,CHROMEBOOK
ACER CHROMEBOOK 512 12,CHROMEBOOK
ACER CHROMEBOOK CP311 11,CHROMEBOOK
ACER CHROMEBOOK SPIN 13,CHROMEBOOK
ACER SPIN 713 13,SPIN 7
ACER CHROMEBOOK SPIN 514 14,CHROMEBOOK
ACER CHROMEBOOK SPIN 311 11,CHROMEBOOK
ACER CHROMEBOOK CB3 14,CHROMEBOOK
ACER CHROMEBOOK SPIN 7 13,CHROMEBOOK
ACER CHROMEBOOK 3 11,CHROMEBOOK
ACER CHROMEBOOK 5 13,CHROMEBOOK
ACER SPIN 5 14,SPIN 5
ACER CHROMEBOOK SPIN CP311 11,CHROMEBOOK
ACER CHROMEBOOK SPIN 5 14,CHROMEBOOK
ACER CHROMEBOOK X360 11,CHROMEBOOK
ACER CHROMEBOOK R 13,CHROMEBOOK
ACER CHROMEBOOK CB5 14,CHROMEBOOK
ACER CHROMEBOOK C720 11,CHROMEBOOK
ACER CHROMEBOOK CB3 15,CHROMEBOOK
ACER CHROMEBOOK 3 15,CHROMEBOOK
ACER SPIN 11,SPIN 1
ACER CHROMEBOOK 514 14,CHROMEBOOK
ACER SPIN 514 14,SPIN 5
ACER CHROMEBOOK R 11,CHROMEBOOK
ACER CHROMEBOOK SPIN 513 13,CHROMEBOOK
ACER CHROMEBOOK TABLET 9,CHROMEBOOK
ACER CHROMEBOOK X60 SPIN 5 14,CHROMEBOOK
ACER CHROMEBOOK 5 15,CHROMEBOOK
ACER CHROMEBOOK 7 13,CHROMEBOOK
ACER CHROMEBOOK 13,CHROMEBOOK
ACER CHROMEBOOK PLUS 5 15,CHROMEBOOK
ACER SPIN 311 11,SPIN 3
ACER CHROMEBOOK VERO 14,CHROMEBOOK
ACER CHROMEBOOK PLUS 15,CHROMEBOOK
ACER CHROMEBOOK PLUS 16,CHROMEBOOK
ACER SPIN 513 13,SPIN 5
ACER CHROMEBOOK PLUS 515 15,CHROMEBOOK
DELL INSPIRON 3000 15,INSPIRON 3000
DELL INSPIRON 5000 14,INSPIRON 5000
DELL INSPIRON 15,INSPIRON
DELL G15 5000 15,G15
DELL VOSTRO 3000 DESKTOP,VOSTRO 3000
DELL INSPIRON 7000 16,INSPIRON 7000
DELL VOSTRO 3425 14,VOSTRO
DELL XPS 15,XPS 15
DELL INSPIRON AIO,INSPIRON
DELL ALIENWARE AURORA DESKTOP,ALIENWARE
DELL XPS 8960 DESKTOP,XPS
DELL G15 3000 15,G15
DELL INSPIRON 3000 14,INSPIRON 3000
DELL INSPIRON 5000 16,INSPIRON 5000
DELL ALIENWARE X14 R2 14,ALIENWARE
DELL ALIENWARE M 16 ,ALIENWARE
DELL ALIENWARE X17 R2 17,ALIENWARE X17
DELL ALIENWARE X16 R1 16,ALIENWARE X16 R1
DELL ALIENWARE X 16 ,ALIENWARE
DELL ALIENWARE M 16,ALIENWARE
DELL ALIENWARE X16 R2 16,ALIENWARE
DELL ALIENWARE M 18,ALIENWARE
DELL ALIENWARE M16 R1 16,ALIENWARE M16
DELL ALIENWARE M18 R1 18,ALIENWARE M18
DELL G16 7000 16,G16
DELL G15 15,G15
DELL G16 5000 16,G16
DELL INSPIRON 3501 15,INSPIRON
DELL INSPIRON 15 3000,INSPIRON
DELL XPS 8000 DESKTOP,XPS
DELL G16 16,G16
DELL INSPIRON 5620 DESKTOP,INSPIRON
DELL INSPIRON 7000 14 PLUS,INSPIRON 7000
DELL INSPIRON 5000 15,INSPIRON 5000
DELL G15 5000 ,G15
DELL INSPIRON 5000 AIO 23,INSPIRON 5000
DELL PRECISION 3000 15,PRECISION 3000
DELL PRECISION 7000 16,PRECISION 7000
DELL VOSTRO 3000 15,VOSTRO 3000
DELL ALIENWARE X14 R1 14,ALIENWARE
DELL INSPIRON AIO 23,INSPIRON
DELL INSPIRON AIO 27,INSPIRON
DELL INSPIRON 2-IN-1 7000 14,INSPIRON
DELL INSPIRON 7000 2-IN-1 16,INSPIRON 7000
DELL INSPIRON 7000 2-IN-1 14,INSPIRON 7000
DELL XPS 9000 17,XPS 9000
DELL INSPIRON AIO 24,INSPIRON
DELL INSPIRON 3000 DESKTOP,INSPIRON 3000
DELL ALIENWARE AURORA R15 DESKTOP,ALIENWARE
DELL INSPIRON 14,INSPIRON 14
DELL INSPIRON 16,INSPIRON
DELL XPS PLUS 13,XPS
DELL ALIENWARE M17 R5 17,ALIENWARE M17
DELL ALIENWARE 15,ALIENWARE
DELL INSPIRON 24 AIO,INSPIRON
DELL ALIENWARE X15 R2 15,ALIENWARE X15
DELL ALIENWARE R2 17,ALIENWARE
DELL ALIENWARE M16 16,ALIENWARE M16
DELL ALIENWARE X 15,ALIENWARE
DELL ALIENWARE 17,ALIENWARE
DELL INSPIRON 3020 DESKTOP,INSPIRON
DELL INSPIRON AIO ,INSPIRON
DELL XPS 13,XPS 13
DELL ALIENWARE M18 18,ALIENWARE M18
DELL INSPIRON PRO 14,INSPIRON
DELL INSPIRON PRO 15,INSPIRON
DELL VOSTRO 3000 14,VOSTRO 3000
DELL INSPIRON 7000 PLUS 14,INSPIRON 7000
DELL INSPIRON 5000 PRO 14,INSPIRON 5000
DELL INSPIRON 7000 PLUS 16,INSPIRON 7000
DELL INSPIRON 5000 PRO 16,INSPIRON 5000
DELL INSPIRON 5000 PRO 13,INSPIRON 5000
DELL OPTIPLEX DESKTOP,DELL OPTIPLEX
DELL VOSTRO DESKTOP,VOSTRO
DELL XPS 8950 DESKTOP,XPS
DELL INSPIRON PRO 16,INSPIRON
DELL LATITUDE 5000 15,LATITUDE 5000
DELL INSPIRON  15,INSPIRON
DELL VOSTRO 14,VOSTRO
DELL INSPIRON 5000 13,INSPIRON 5000
DELL VOSTRO 3000 PRO 14,VOSTRO 3000
DELL INSPIRON 3000 PRO 14,INSPIRON 3000
DELL VOSTRO  14,VOSTRO
DELL INSPIRON 7000  16,INSPIRON 7000
DELL INSPIRON 7000 14,INSPIRON 7000
DELL XPS 9315 13,XPS 93
DELL VOSTRO 5000 16,VOSTRO 5000
DELL INSPIRON 5000 PRO  14,INSPIRON 5000
DELL INSPIRON DESKTOP,INSPIRON
DELL VOSTRO 5000 13,VOSTRO 5000
DELL XPS 17 9000,XPS 17
DELL G15 7000 15,G15
DELL ALIENWARE M15 15,ALIENWARE M15
DELL INSPIRON 2-IN-1 16,INSPIRON
DELL INSPIRON 2-IN-1 14,INSPIRON
DELL ALIENWARE AURORA R13 DESKTOP,ALIENWARE
DELL INSPIRON PLUS 16,INSPIRON PLUS
DELL XPS 17,XPS 17
DELL LATITUDE 3000 15,LATITUDE 3000
DELL LATITUDE 3000 13,LATITUDE 3000
DELL XPS 9000 15,XPS 9000
DELL LATITUDE 5000 14,LATITUDE 5000
DELL ALIENWARE X15 15,ALIENWARE X15
DELL XPS 9000 13,XPS 9000
DELL OPTIPLEX 3000 DESKTOP,DELL OPTIPLEX
DELL VOSTRO 3401 14,VOSTRO
DELL INSPIRON 3511 15,INSPIRON
DELL VOSTRO 15,VOSTRO
DELL INSPIRON 5410 14,INSPIRON
DELL INSPIRON 7000 27,INSPIRON 7000
DELL INSPIRON 23,INSPIRON
DELL INSPIRON 7000 17,INSPIRON 7000
DELL INSPIRON 7000 15,INSPIRON 7000
DELL INSPIRON 27,INSPIRON
DELL INSPIRON 14 5000,INSPIRON 14
DELL ALIENWARE R1 17,ALIENWARE
DELL INSPIRON 5000 24 AIO,INSPIRON 5000
DELL INSPIRON 7000 27 AIO,INSPIRON 7000
DELL INSPIRON 5000 AIO 24,INSPIRON 5000
DELL ALIENWARE AURORA R12 DESKTOP,ALIENWARE
DELL INSPIRON 7000 2-IN-1 15,INSPIRON 7000
DELL ALIENWARE M17 17,ALIENWARE M17
DELL VOSTRO 14 3000,VOSTRO
DELL G5 5000 15,G5
DELL XPS DESKTOP,XPS
DELL G5 15,G5
DELL XPS 9520 15,XPS
DELL XPS 9320 13,XPS 93
DELL INSPIRON 13,INSPIRON
DELL ALIENWARE M15 R6 15,ALIENWARE M15
DELL ALIENWARE AURORA R10 DESKTOP,ALIENWARE
DELL INSPIRON 3000 PRO 15,INSPIRON 3000
DELL LATITUDE 3000 14,LATITUDE 3000
DELL OPTIPLEX AIO 23,DELL OPTIPLEX
DELL PRECISION DESKTOP,PRECISION
DELL VOSTRO 3420 14,DELL VOSTRO 3420
DELL VOSTRO 3510 14,VOSTRO
DELL INSPIRON 3520 15,INSPIRON
DELL INSPIRON 7000 13,INSPIRON 7000
DELL INSPIRON 7000 AIO,INSPIRON 7000
DELL INSPIRON 27 AIO,INSPIRON
DELL OPTIPLEX 7000 AIO 27,DELL OPTIPLEX
DELL PRECISION T3000 DESKTOP,PRECISION
DELL PRECISION T7000 DESKTOP,PRECISION
DELL G3 GAMING 15,G3
DELL INSPIRON 3515 15,INSPIRON
DELL VOSTRO 3405 14,VOSTRO
DELL VOSTRO 3400 14,VOSTRO
DELL INSPIRON 5400 AIO 23,INSPIRON
DELL ALIENWARE X17 R1 17,ALIENWARE X17
DELL ALIENWARE X17 17,ALIENWARE X17
DELL XPS 9300 13,XPS 93
DELL XPS 7000 13,XPS
DELL INSPIRON 3567 15,INSPIRON
DELL INSPIRON 7000 AIO 27,INSPIRON 7000
DELL PRECISION 3000 DESKTOP,PRECISION 3000
DELL XPS 13 9000,XPS 13
DELL G3 15,G3
DELL INSPIRON 21,INSPIRON
DELL INSPIRON 3880,INSPIRON
DELL XPS 13 2-IN-1,XPS 13
DELL INSPIRON 24,INSPIRON
DELL XPS 9710 17,XPS
DELL OPTIPLEX 7010 DESKTOP,DELL OPTIPLEX
DELL INSPIRON 7610 16,INSPIRON
DELL G15 RYZEN EDITION 15,G15
DELL ALIENWARE M15 R5 15,ALIENWARE M15
DELL XPS 9310 13,XPS 93
DELL INSPIRON 5000 PRO 15,INSPIRON 5000
DELL VOSTRO 5000 14,VOSTRO 5000
DELL INSPIRON 7000 PLUS 15,INSPIRON 7000
DELL OPTIPLEX 7090MT DESKTOP,DELL OPTIPLEX
DELL ALIENWARE X15 R1 15,ALIENWARE X15
DELL ALIENWARE M15 R7 15,ALIENWARE M15
DELL ALIENWARE X17 R2 15,ALIENWARE X17
DELL ALIENWARE X17 R1 15,ALIENWARE X17
DELL PRECISION 7000 15,PRECISION 7000
DELL ALIENWARE X14 R5 14,ALIENWARE
DELL INSPIRON 15 5000,INSPIRON
DELL INSPIRON 5000 24,INSPIRON 5000
DELL VOSTRO 7000 15,VOSTRO 7000
DELL OPTIPLEX 3090MFF DESKTOP,DELL OPTIPLEX
DELL OPTIPLEX 3080MT DESKTOP,DELL OPTIPLEX
DELL OPTIPLEX 7090MFF DESKTOP,DELL OPTIPLEX
DELL INSPIRON 3505 15,INSPIRON
DELL INSPIRON 3000 UNKNOWN,INSPIRON 3000
DELL INSPIRON 7000 2-IN-1 17,INSPIRON 7000
DELL INSPIRON 5481 14,INSPIRON 5481
DELL XPS 9500 15,XPS
DELL OPTIPLEX 3000,DELL OPTIPLEX
DELL INSPIRON 7000 PRO 15,INSPIRON 7000
DELL INSPIRON 7000 PRO 16,INSPIRON 7000
DELL LATITUDE 7000 14,LATITUDE 7000
DELL ALIENWARE X14 14,ALIENWARE
DELL INSPIRON 7501 15,INSPIRON
DELL G15 5000 15 ,G15
DELL G7 7000 17,G7
DELL VOSTRO 5000 DESKTOP,VOSTRO 5000
DELL OPTIPLEX 7000 DESKTOP,DELL OPTIPLEX
DELL ALIENWARE M 15,ALIENWARE
DELL ALIENWARE X 17,ALIENWARE
DELL G3 3500 15,G3
DELL G3 3000 15,G3
DELL INSPIRON 3000 17,INSPIRON 3000
DELL PRECISION 7000 DESKTOP,PRECISION 7000
DELL INSPIRON PLUS 7000 14,INSPIRON PLUS
DELL LATITUDE 5000 13,LATITUDE 5000
DELL G15 5000 16,G15
DELL INSPIRON 5000 DESKTOP,INSPIRON 5000
DELL PRECISION DEKSTOP,PRECISION
DELL ALIENWARE AREA 51M 17,ALIENWARE
DELL VOSTRO 3400 PRO 14 ,VOSTRO
DELL INSPIRON 5000 14 PRO,INSPIRON 5000
DELL INSPIRON 5000 16 PRO,INSPIRON 5000
DELL INSPIRON 14 PRO,INSPIRON 14
DELL INSPIRON 7000 16 PLUS,INSPIRON 7000
DELL LATITUDE 5300 13,LATITUDE
DELL VOSTRO 3400 AIR 14,VOSTRO
DELL INSPIRON 3000 15 PRO,INSPIRON 3000
DELL VOSTRO 3600 DESKTOP,VOSTRO
DELL OPTIPLEX 7000MT DESKTOP,DELL OPTIPLEX
DELL OPTIPLEX 3090MT DESKTOP,DELL OPTIPLEX
DELL VOSTRO 3800 DESKTOP,VOSTRO
DELL OPTIPLEX 7000MFF DESKTOP,DELL OPTIPLEX
DELL PRECISION T7920 DESKTOP,PRECISION
DELL OPTIPLEX 5400 AIO 24,DELL OPTIPLEX
DELL ALIENWARE X16 16,ALIENWARE
DELL G3 GAMING LAPTOP 15,G3
DELL ELITE XPS 15,XPS 15
DELL XPS 9720 17,XPS
DELL LATITUDE D600 14,LATITUDE
DELL XPS 9300 15,XPS 93
DELL LATITUDE 9000 14,LATITUDE 9000
DELL ALIENWARE M17 17 ,ALIENWARE M17
DELL XPS 15 15,XPS 15
DELL INSPIRON 5570 15,INSPIRON
DELL INSPIRON 14 PLUS 14,INSPIRON 14
DELL VOSTRO 7000 16,VOSTRO 7000
DELL INSPIRON 16 PLUS 16,INSPIRON
DELL INSPIRON 17,INSPIRON 17
DELL PRECISION 3000 14,PRECISION 3000
DELL ALIENWARE M 18 ,ALIENWARE
DELL ALIENWARE X 14,ALIENWARE
DELL ALIENWARE M18 ,ALIENWARE M18
DELL G7 7000 15,G7
DELL VOSTRO 3000  15,VOSTRO 3000
DELL INSPIRON 3000  15,INSPIRON 3000
DELL INSPIRON G15 15,INSPIRON
DELL OPTIPLEX AIO 21,DELL OPTIPLEX
DELL INSPIRON 5000 PRO  16,INSPIRON 5000
DELL INSPIRON 7000 PRO  14,INSPIRON 7000
DELL INSPIRON 7000  14,INSPIRON 7000
DELL LATITUDE 5000  14,LATITUDE 5000
DELL INSPIRON 5000 PRO  13,INSPIRON 5000
DELL INSPIRON 3000 PRO  14,INSPIRON 3000
DELL VOSTRO 5000  16,VOSTRO 5000
DELL INSPIRON 3000 PRO  15,INSPIRON 3000
DELL INSPIRON  14,INSPIRON
DELL XPS 9720  17,XPS
DELL ALIENWARE X17 R1 ,ALIENWARE X17
DELL ALIENWARE M15 R7  15,ALIENWARE M15
DELL INSPIRON 5000  16,INSPIRON 5000
DELL ALIENWARE AURORA R16 DESKTOP,ALIENWARE
DELL ALIENWARE  15,ALIENWARE
DELL G15 5000  15,G15
DELL ALIENWARE M18 R5 18,ALIENWARE M18
DELL INSPIRON  16,INSPIRON
DELL ALIENWARE  16,ALIENWARE
DELL ALIENWARE 16,ALIENWARE
DELL ALIENWARE M16 R5 16,ALIENWARE M16
DELL INSPIRON AIO 3000 24,INSPIRON
DELL INSPIRON 16 PLUS 7000 16 ,INSPIRON
DELL INSPIRON G5 15,INSPIRON G5
DELL G3 5000 15,G3
DELL CHROMEBOOK 3000 11,DELL CHROMEBOOK
DELL CHROMEBOOK 11,DELL CHROMEBOOK
HP PAVILION 15,PAVILION
HP 250 G9 15,HP 250
HP LAPTOP 15,HP LAPTOP 15
HP 250 G10 15,HP 250
HP LAPTOP 17,HP LAPTOP 17
HP STREAM 14,HP STREAM
HP LAPTOP 14,HP LAPTOP 14
HP ELITEBOOOK G5 14,HP ELITE
HP ENVY X360 15,ENVY X360 15
HP VICTUS GAMING 15,VICTUS
HP VICTUS 16,VICTUS
HP VICTUS 15,VICTUS
HP LAPTOP 15S 15,HP LAPTOP 15
HP STREAM 11,HP STREAM
HP LAPTOP 11,LAPTOP
HP ELITE 8000 DESKTOP,HP ELITE
HP LAPTOP 14S 14,HP LAPTOP 14
HP ZBOOK FIREFLY G9 16,ZBOOK FIREFLY
HP PAVILION X360 14,PAVILION X360
HP NOTEBOOK 15,NOTEBOOK 15
HP ENVY DESKTOP,ENVY
HP PAVILION 14,PAVILION
HP LAPTOP 247 G8 14,LAPTOP
HP OMEN DESKTOP,OMEN
HP VICTUS  5 15,VICTUS
HP LAPTOP 15S ,HP LAPTOP 15
HP PAVILION PLUS 14,PAVILION PLUS
HP LAPTOP 14S ,HP LAPTOP 14
HP 250 G8 15 ,HP 250
HP PAVILION DESKTOP,PAVILION
HP OMEN 16,OMEN 16
HP OMEN 15,OMEN
HP PAVILION 17,PAVILION 17
HP PAVILION GAMING DESKTOP,PAVILION GAMING
HP ENVY 17,ENVY 17
HP LAPTOP 17T 17,HP LAPTOP 17
HP PAVILION TP01 DESKTOP,PAVILION
HP LAPTOP 15 ,HP LAPTOP 15
HP OMEN 17,OMEN
HP VICTUS  5 16,VICTUS
HP VICTUS15,VICTUS
HP PAVILION AIO 27,PAVILION
HP ENVY X360 13,ENVY X360 13
HP PAVILION GAMING 15,PAVILION GAMING
HP OMEN 30L DESKTOP,OMEN
HP PAVILION AIO 23,PAVILION
HP PAVILION AIO 32,PAVILION
HP SPECTRE X360 16,SPECTRE X360
HP PAVILION X360 15,PAVILION X360 15
HP PAVILION 27,PAVILION
HP SPECTRE X360 13,SPECTRE X360
HP OMEN GAMING DESKTOP,OMEN
HP ENVY 2,ENVY
HP ENVY X360 14,ENVY X360
HP OMEN GAMING LAPTOP,LAPTOP
HP ENVY 16,ENVY
HP PAVILION PLUS 16,PAVILION PLUS
HP PAVILION PLUS 15,PAVILION PLUS
HP PAVILION PRO 13,PAVILION
HP ZHAN 66 AIO 24,ZHAN
HP ENVY 34,ENVY
HP ZHAN 66 DESKTOP,ZHAN
HP ZHAN 99 DESKTOP,ZHAN
HP ZHAN 99 15,ZHAN
HP ZHAN X 14,ZHAN
HP PAVILION PRO 14,PAVILION
HP ZHAN X 13,ZHAN
HP ZHAN 66 14,ZHAN
HP PAVILION  13,PAVILION
HP PAVILION 13,PAVILION 13
HP ZHAN 99 AIO 23,ZHAN
HP PAVILION AIO 21,PAVILION
HP OMEN DEKSTOP,OMEN
HP PAVILION DESKTOP ,PAVILION
HP OMEN DESKTOP ,OMEN
HP LAPTOP PRO 14 ,LAPTOP
HP ZHAN 66 15,ZHAN
HP LAPTOP PRO 15,LAPTOP
HP LAPTOP 13,LAPTOP
HP LAPTOP PRO 14,LAPTOP
HP LAPTOP 15S,HP LAPTOP 15
HP 240 G8 14,HP 240
HP 250 G8 15,HP 250
HP 247 G8 LAPTOP 14,LAPTOP
HP ELITEBOOOK G7 14,HP ELITE
HP ELITEBOOOK G9 14,HP ELITE
HP ELITEBOOOK G9 16,HP ELITE
HP ZBOOK G8 17,ZBOOK
HP PAVILION GAMING 16,PAVILION GAMING
HP PAVILION ALL-IN-ONE 24,PAVILION
HP PAVILION AIO 24,PAVILION
HP PAVILION X360 11,PAVILION X360
HP ENVY 15,ENVY 15
HP ENVY AIO 34,ENVY
HP TABLET 11,TABLET 11
HP VICTUS DESKTOP,VICTUS
HP PROBOOK 15,HP PROBOOK
HP PROBOOK 14,HP PROBOOK
HP PAVILION AERO 13,PAVILION AERO
HP ZBOOK G9 15,ZBOOK
HP ELITE G9 DESKTOP,HP ELITE
HP ZBOOK FIREFLY 14,ZBOOK FIREFLY
HP SPECTRE X360 14,SPECTRE X360
HP PAVILION PRO 15,PAVILION
HP XIAOOUXING AIO 23,XING
HP PROBOOK G8 13,HP PROBOOK
HP PAVILION GAMING 17,HP PAVILION GAMING 17
HP STREAM 17,HP STREAM
HP 245 G8 14,HP 245
HP VICTUS DESKTOP ,VICTUS
HP 250 15,HP 250
HP PAVILION GAMING LAPTOP 15,PAVILION GAMING
HP PAVILION AIO 22,PAVILION
HP ENVY 17T 17,ENVY 17
HP PAVILION GAMING DESKTOP ,PAVILION GAMING
HP ELITEBOOK 630 G9 13,HP ELITEBOOK 630
HP OMEN 40L DESKTOP,OMEN
HP PAVILION AERO 14,PAVILION AERO
HP ENVY 13,ENVY 13
HP PAVILION 2,PAVILION
HP LAPTOP 14S,HP LAPTOP 14
HP ENVY X360 2 15,ENVY X360
HP LAPTOP 17Z 17,HP LAPTOP 17
HP ENVY 17T,ENVY 17
HP SPECTRE X360 15,SPECTRE X360
HP PAVILION ALL-IN-ONE 27,PAVILION
HP ENVY 31,ENVY
HP PAVILION 23,PAVILION
HP 246 G8 14,HP 246
HP PROBOOK 450 G8 15,HP PROBOOK
HP PROBOOK 455 G8 15,HP PROBOOK
HP ENVY 14,ENVY 14
HP 256 G8 15,HP 256
HP ENVY X360  15,ENVY X360
HP ELITEBOOK 840 14,ELITEBOOK
HP 250 G7 15,HP 250
HP ZHAN 99 PRO G4 DESKTOP,ZHAN
HP ENVY TE01 GAMING DESKTOP,ENVY
HP OMEN 45L DESKTOP,OMEN
HP 245-G7 14,HP 245
HP OMEN 25L DESKTOP,OMEN
HP OMEN 6 PRO DESKTOP,OMEN
HP 240 14,HP 240
HP PROBOOK X360 G1 11,PROBOOK X360
HP PROBOOK X360 13,PROBOOK X360
HP 245 G8 LAPTOP 14,HP 245
HP ENVY X360 15T,ENVY X360 15
HP ENVY 17M 17,ENVY 17
HP ZBOOK STUDIO G8 15,HP ZBOOK STUDIO G8
HP ZHAN 14,ZHAN
HP ZHAN 16,ZHAN
HP OMEN 14,OMEN
HP PAVILION 14 PRO,PAVILION
HP PAVILION 13 AIR,PAVILION 13
HP ZHAN 99 DESKTOP ,ZHAN
HP ZHAN 66 DESKTOP ,ZHAN
HP ENVY DESKTOP ,ENVY
HP OMEN 8 PRO 16,OMEN
HP OMEN 8 16,OMEN
HP OMEN 7 16,OMEN
HP OMEN 8 17,OMEN
HP PROBOOK 650 G8 15,HP PROBOOK
HP ZHAN 99 15 ,ZHAN
HP ZHAN X 16 ,ZHAN
HP ZHAN AIR 14,ZHAN
HP ELITEBOOK 13,ELITEBOOK
HP PAVILION  14,PAVILION
HP ZBOOK FIREFLY G8 15,ZBOOK FIREFLY
HP ELITEBOOK G3 13,ELITEBOOK
HP ELITEBOOOK G8 15,HP ELITE
HP 246 G9 14,HP 246
HP ZHAN X 16,ZHAN
HP ZHAN 99 16,ZHAN
HP OMEN 9 SLIM 16,OMEN
HP VICTUS 16 ,VICTUS
HP ZHAN 99 AIO 27,ZHAN
HP NOTEBOOK STARBOOK,NOTEBOOK
HP PAVILION PRO 16,PAVILION
HP STREAM  15,HP STREAM
HP OMEN  15,OMEN
HP OMEN  16,OMEN
HP PAVILION  15,PAVILION
HP ENVY X360  13,ENVY X360
HP ZHAN AIO  14,ZHAN
HP ZHAN 99 AIO  15,ZHAN
HP PAVILION GAMING  14,PAVILION GAMING
HP PAVILION  16,PAVILION
HP PAVILION GAMING  16,PAVILION GAMING
HP ZBOOK  15,ZBOOK
HP PAVILION  17,PAVILION
HP ZHAN X  16,ZHAN
HP LAPTOP  14,LAPTOP
HP STREAM 15,HP STREAM
HP LAPTOP  17,LAPTOP
HP LAPTOP  15,LAPTOP
HP 250 G8  15,HP 250
HP STREAM  14,HP STREAM
HP ENVY X260 15,ENVY X2
HP STREAM  AIO 24,HP STREAM
HP ENVY AIO 23,ENVY
HP ENVY  17,ENVY
HP STREAM  17,HP STREAM
HP SPECTRE 17,SPECTRE
HP LAPTOPS  15,LAPTOP
HP PAVILION X360  14,PAVILION X360
HP VICTUS16,VICTUS
HP LAPTOP 11S 17,LAPTOP
HP ELITEBOOOK G6 15,HP ELITE
HP PAVILION X360 15 ,PAVILION X360 15
HP STREAM X360 14,HP STREAM
HP ZHAN 66 6 14,ZHAN
HP ZHAN DESKTOP,ZHAN
HP ZHAN 15,ZHAN
HP PAVILION 16,PAVILION
HP ZHAN 99 AIO 24,ZHAN
HP PAVILION GAMING 14,PAVILION GAMING
HP CHROMEBOOK 14A 14,HP CHROMEBOOK
HP CHROMEBOOK X360 14,HP CHROMEBOOK X360
HP CHROMEBOOK 15,HP CHROMEBOOK
HP CHROMEBOOK 14,HP CHROMEBOOK
HP CHROMEBOOK 11,HP CHROMEBOOK
HP CHROMEBOOK X360 14C 14,HP CHROMEBOOK X360
HP CHROMEBOOK 11A 11,HP CHROMEBOOK
HP CHROMEBOOK G5 14,HP CHROMEBOOK
HP CHROMEBOOK 14B 14,HP CHROMEBOOK
HP CHROMEBOOK X360 13,HP CHROMEBOOK X360
HP CHROMEBOOK X360 12,HP CHROMEBOOK X360
HP CHROMEBOOK G5 11,HP CHROMEBOOK
HP CHROMEBOOK X360 SPIN 14,HP CHROMEBOOK X360
HP CHROMEBOOK X360 14A 14,HP CHROMEBOOK X360
HP CHROMEBOOK G3 11,HP CHROMEBOOK
HP CHROMEBOOK 12,HP CHROMEBOOK
HP CHROMEBOOK X360  14,HP CHROMEBOOK X360
HP CHROMEBOOK G7 14,HP CHROMEBOOK
LENOVO IDEAPAD 15,IDEAPAD 1
LENOVO IDEAPAD SLIM 3 15,IDEAPAD SLIM
LENOVO IDEAPAD SLIM 1 15,LENOVO IDEAPAD SLIM 1
LENOVO IDEAPAD SLIM 5 15,IDEAPAD SLIM
LENOVO LEGION SLIM 5 16 ,LENOVO LEGION SLIM 5
LENOVO THINKPAD X 12,THINKPAD X
LENOVO LEGION 5 DESKTOP,LEGION 5
LENOVO THINKPAD X270  14,THINKPAD X
LENOVO IDEAPAD SLIM 1 14,LENOVO IDEAPAD SLIM 1
LENOVO IDEAPAD 17,IDEAPAD 1
LENOVO LEGION R9000 16,LEGION
LENOVO LEGION Y9000 16,LEGION
LENOVO LEGION R7000 15,LEGION
LENOVO LEGION Y7000 16,LENOVO LEGION Y7000
LENOVO IDEAPAD 3 15,IDEAPAD 3
LENOVO IDEAPAD 5 14,IDEAPAD 5
LENOVO V17 17,V17
LENOVO THINKPAD 14,THINKPAD
LENOVO LEGION 5 PRO 16,LEGION 5
LENOVO IDEAPAD GAMING 3 16,IDEAPAD GAMING 3
LENOVO IDEAPAD GAMING 3 15 ,IDEAPAD GAMING 3
LENOVO THINKPAD T 14,THINKPAD T
LENOVO IDEAPAD 1 14,IDEAPAD 1
LENOVO FLEX 5 14,FLEX
LENOVO LOQ 16,LENOVO LOQ 16
LENOVO THINKPAD YOGA X1 13,THINKPAD YOGA
LENOVO YOGA SLIM PRO 7 I4 ,YOGA SLIM PRO 7
LENOVO IDEAPAD 3 14,IDEAPAD 3
LENOVO IDEAPAD FLEX 5 16,IDEAPAD FLEX 5
LENOVO GEEKPRO G5000 15,GEEKPRO
LENOVO V15 15,V15
LENOVO IDEAPAD  GAMING 3 15,IDEAPAD
LENOVO IDEAPAD 1 15,IDEAPAD 1
LENOVO YOGA SLIM PRO 7 16,YOGA SLIM PRO 7
LENOVO LEGION R7000 16,LEGION
LENOVO IDEAPAD 1 11,IDEAPAD 1 11
LENOVO YOGA AIO 27,YOGA
LENOVO IDEAPAD 3 17,IDEAPAD 3
LENOVO IDEAPAD 3,IDEAPAD 3
LENOVO IDEAPAD DUET 3 10 ,IDEAPAD DUET
LENOVO YOGA 7 14,YOGA 7
LENOVO IDEAPAD 3I 14,IDEAPAD 3
LENOVO THINKPAD L13 ,THINKPAD L
LENOVO IDEAPAD FLEX 5 14,IDEAPAD FLEX 5
LENOVO LEGION Y9000P 16,LEGION
LENOVO LEGION Y7000 15,LENOVO LEGION Y7000
LENOVO IDEAPAD SLIM 3 14,IDEAPAD SLIM
LENOVO IDEAPAD GAMING 3 15,IDEAPAD GAMING 3
LENOVO THINKPAD E14 14,THINKPAD E
LENOVO DUET CHROMEBOOK 10,CHROMEBOOK
LENOVO LEGION TOWER 5 GAMING DESKTOP,LEGION
LENOVO IDEAPAD GAMING 15,IDEAPAD GAMING
LENOVO IDEAPAD PRO 5 14,IDEAPAD PRO 5
LENOVO LEGION PRO 7I 16,LEGION
LENOVO YOGA 9I AIO,YOGA 9I
LENOVO LEGION Y9000K 16,LEGION
LENOVO YOGA  SLIM PRO 7 14,SLIM PRO 7
LENOVO LEGION 5 40,LEGION 5
LENOVO LENOVO V15 15,V15
LENOVO YOGA 7 16,YOGA 7
LENOVO LOQ 15,LENOVO LOQ 15
LENOVO LEGION SLIM 5 16,LENOVO LEGION SLIM 5
LENOVO IDEAPAD D330 10,IDEAPAD D330
LENOVO V15 ,V15
LENOVO LEGION PRO 5 16,LENOVO LEGION PRO 5
LENOVO FLEX 5 15,FLEX
LENOVO XIAOXIN PRO AIO 27,XIAOXIN PRO
LENOVO XIAOXIN AIO 23,XIAOXIN
LENOVO YOGA AIR 31,YOGA
LENOVO XIAOXIN AIO 27,XIAOXIN
LENOVO YOGA 27,YOGA 2
LENOVO XIAOXIN AIO,XIAOXIN
LENOVO THINKPAD E 14 ,THINKPAD E
LENOVO IDEAPAD SLIM 15,LENOVO IDEAPAD SLIM 1
LENOVO IDEAPAD 14,IDEAPAD 1
LENOVO LEGION 5 15,LEGION 5
LENOVO LEGION Y7000P 15,LENOVO LEGION Y7000
LENOVO IDEAPAD 3I 15,IDEAPAD 3
LENOVO IDEAPAD L340 11,IDEAPAD L
LENOVO YOGA 7I 16,YOGA 7I
LENOVO YOGA 6 13.3,YOGA 6
LENOVO YOGA 7I 14,YOGA 7I
LENOVO YOGA 9I 14,YOGA 9I
LENOVO YOGA 6 13,YOGA 6
LENOVO FLEX 5I 15,FLEX
LENOVO LEGION SLIM 7I 16,LENOVO LEGION SLIM 7
LENOVO LEGION SLIM 7 16,LENOVO LEGION SLIM 7
LENOVO IDEAPAD FLEX 5I 16,IDEAPAD FLEX 5
LENOVO THINKPAD YOGA L13 13,THINKPAD YOGA
LENOVO YOGA BOOK 9,YOGA BOOK
LENOVO YOGA 7,YOGA 7
LENOVO LEGION 16,LEGION
LENOVO THINKPAD,THINKPAD
LENOVO IDEAPAD FLEX 5I 14,IDEAPAD FLEX 5
LENOVO IDEAPAD 16,IDEAPAD 1
LENOVO IDEAPAD S150 14,IDEAPAD S150
LENOVO XIAOXIN AIR 14,XIAOXIN AIR
LENOVO XIAOXIN PRO 16,XIAOXIN PRO
LENOVO XIAOXIN PRO 14,XIAOXIN PRO
LENOVO XIAOXIN 16,XIAOXIN
LENOVO XIAOXIN AIR 15,XIAOXIN AIR
LENOVO IDEAPAD S 14,IDEAPAD S
LENOVO IDEAPAD GAMING 16,IDEAPAD GAMING
LENOVO THINKPAD P 15,THINKPAD P
LENOVO THINKPAD PLUS 14,THINKPAD P
LENOVO THINKPAD 16,THINKPAD
LENOVO THINKPAD S2 13,THINKPAD S
LENOVO THINKPAD X1 NANO 13,THINKPAD X
LENOVO THINKPAD NEO 14,THINKPAD N
LENOVO THINKPAD X 13,THINKPAD X
LENOVO XIAOXIN DESKTOP,XIAOXIN
LENOVO GEEKPRO DESKTOP,GEEKPRO
LENOVO LEGION BLADE DESKTOP,LEGION
LENOVO LEGION DESKTOP,LEGION
LENOVO THINKPAD 15,THINKPAD
LENOVO IDEAPAD 14 ,IDEAPAD 1
LENOVO V14 14,V14
LENOVO YOGA PRO 14 ,YOGA PRO 1
LENOVO XIAOXIN PRO ,XIAOXIN PRO
LENOVO XIAOXIN DUET 12,XIAOXIN
LENOVO ZHAOYANG 15,ZHAOYANG
LENOVO THINKPAD P15V 15,THINKPAD P
LENOVO THINKPAD X1 CARBON 14,THINKPAD X
LENOVO THINKPAD E 14,THINKPAD E
LENOVO THINKPAD 14 ,THINKPAD
LENOVO THINKPAD T14 14,THINKPAD T
LENOVO THINKPAD PLUS 16,THINKPAD P
LENOVO THINKPAD 16 ,THINKPAD
LENOVO THINKPAD E 15,THINKPAD E
LENOVO THINKPAD X13 13,THINKPAD X
LENOVO LEGION 9000K DESKTOP,LEGION
LENOVO THINKCENTRE E98 DESKTOP,LENOVO THINKCENTRE
LENOVO LEGION 7000P DESKTOP,LEGION 7
LENOVO W4900 DESKTOP,LENOVO W
LENOVO THINKCENTRE Q500 MINI DESKTOP,LENOVO THINKCENTRE
LENOVO THINKCENTRE E900 DESKTOP,LENOVO THINKCENTRE
LENOVO THINKCENTRE NEO DESKTOP,LENOVO THINKCENTRE
LENOVO NOTEBOOK IDEAPAD 3I 15,IDEAPAD 3
LENOVO IDEAPAD 3 GAMING 15,IDEAPAD 3
LENOVO IDEAPAD DUET 3I 10,IDEAPAD DUET
LENOVO IDEAPAD DUET 5 12,IDEAPAD DUET 5
LENOVO XIAOXIN AIR PLUS 14,XIAOXIN AIR
LENOVO THINKBOOK 15,THINKBOOK
LENOVO YOGA 16S 16,YOGA
LENOVO IDEAPAD 14S ,IDEAPAD 1
LENOVO THINKBOOK 14,THINKBOOK
LENOVO YOGA 14S 14,YOGA
LENOVO THINKBOOK 16,THINKBOOK
LENOVO THINKPAD YOGA S2 13,THINKPAD YOGA
LENOVO THINKPAD X1 13,THINKPAD X
LENOVO THINKCENTRE DESKTOP,LENOVO THINKCENTRE
LENOVO IDEAPAD 5 PRO 16,IDEAPAD 5
LENOVO YOGA SLIM 7 14,YOGA SLIM 7
LENOVO THINKCENTRE M93P DESKTOP,LENOVO THINKCENTRE
LENOVO LEGION 3 15,LEGION
LENOVO IDEAPAD S340 14,IDEAPAD S
LENOVO IDEAPAD SLIM 5 PRO 14,IDEAPAD SLIM
LENOVO IDEAPAD SLIM 1 11,LENOVO IDEAPAD SLIM 1
LENOVO IDEAPAD SLIM 5 14,IDEAPAD SLIM
LENOVO IDEAPAD SLIM 5 16,IDEAPAD SLIM
LENOVO IDEAPAD 5 16,IDEAPAD 5
LENOVO IDEAPAD 10,IDEAPAD 1
LENOVO IDEAPAD L340 15,IDEAPAD L
LENOVO IDEAPAD 1I 11,IDEAPAD 1
LENOVO YOGA SLIM 7 13,YOGA SLIM 7
LENOVO 300W 3 11,LENOVO 300W
LENOVO YOGA SLIM 7 16,YOGA SLIM 7
LENOVO 500W 3 11,LENOVO 500W
LENOVO LEGION 5 16,LEGION 5
LENOVO LEGION 5 17,LEGION 5
LENOVO CHROMEBOOK 11,LENOVO CHROMEBOOK
LENOVO SLIM 7 PRO 14,SLIM 7
LENOVO THINKPAD P17 17,THINKPAD P
LENOVO YOGA A940 27,YOGA
LENOVO YOGA 7I 15,YOGA 7I
LENOVO THINKPAD YOGA 13,THINKPAD YOGA
LENOVO LEGION SLIM 7 15,LENOVO LEGION SLIM 7
LENOVO THINKPAD YOGA X1 14,THINKPAD YOGA
LENOVO IDEAPAD 5 15,IDEAPAD 5
LENOVO THINKPAD X1 16,THINKPAD X
LENOVO V15 ADA LAPTOP,V15
LENOVO IDEAPAD 3 11,IDEAPAD 3
LENOVO IDEAPAD S145 15,IDEAPAD S
LENOVO YOGA C740 15,YOGA
LENOVO LEGION 5I DESKTOP,LEGION 5
LENOVO IDEAPAD FLEX 14,IDEAPAD FLEX
LENOVO IDEAPAD  3 15,IDEAPAD
LENOVO IDEAPAD DUET 3 10,IDEAPAD DUET
LENOVO THINKPAD X270 12,THINKPAD X
LENOVO THINKPAD E15 15,THINKPAD E
LENOVO IDEAPAD SLIM 14,LENOVO IDEAPAD SLIM 1
LENOVO YOGA SLIM 14,YOGA
LENOVO THINKPAD YOGA 11,THINKPAD YOGA
LENOVO THINKPAD YOGA 11E,THINKPAD YOGA
LENOVO FLEX 11,FLEX
LENOVO IDEAPAD 1I 14,IDEAPAD 1
LENOVO YOGA 14,YOGA
LENOVO XIAOXIN PRO 13,XIAOXIN PRO
LENOVO ZHAOYANG 14,ZHAOYANG
LENOVO THINKPAD 13,THINKPAD 13
LENOVO IDEAPAD S340 15,IDEAPAD S
LENOVO IDEAPAD SLIM 7I PRO 14,IDEAPAD SLIM 7
LENOVO SLIM 7 16,SLIM 7
LENOVO THINKCENTRE M910Q DESKTOP,LENOVO THINKCENTRE
LENOVO THINKCENTRE M900 DESKTOP,LENOVO THINKCENTRE
LENOVO THINKPAD YOGA 260 12,LENOVO THINKPAD YOGA 260
LENOVO THINKPAD T470 14,THINKPAD T
LENOVO THINKPAD 12,THINKPAD
LENOVO LEGION 5 17 17,LEGION 5
LENOVO THINKBOOK 13S 13,THINKBOOK
LENOVO IDEAPAD1 15,IDEAPAD
LENOVO NOTEBOOK V145 15,NOTEBOOK
LENOVO THINKPAD T16 16,THINKPAD T
LENOVO IDEAPAD 5,IDEAPAD 5
LENOVO IDEAPAD DUET 10,IDEAPAD DUET
LENOVO IDEAPAD FLEX 3 11,IDEAPAD FLEX
LENOVO LEGION R7000P 15,LEGION
LENOVO LEGION R9000P 16,LEGION
LENOVO LEGION R9000K 16,LEGION
LENOVO YANGTIAN S5430 AIO 24,YANGTIAN
LENOVO QITIAN M420 DESKTOP,QITIAN
LENOVO IDEAPAD SLIM 5 PRO 16,IDEAPAD SLIM
LENOVO IDEAPAD SLIM 3I 15,IDEAPAD SLIM
LENOVO LEGION Y740 15,LEGION
LENOVO V15,V15
LENOVO IDEAPAD GAMING L340 15,LENOVO IDEAPAD GAMING L340
LENOVO YOGA 7 11,YOGA 7
LENOVO IDEAPAD S540 10,IDEAPAD S
LENOVO LEGION Y540 15,LENOVO LEGION Y540
LENOVO IDEAPAD S145 10,IDEAPAD S
LENOVO IDEAPAD 330 15,IDEAPAD 3
LENOVO IDEAPAD SLIM 3I 14,IDEAPAD SLIM
LENOVO IDEAPAD SLIM 5I PRO 14,IDEAPAD SLIM
LENOVO IDEAPAD SLIM 350I 14,IDEAPAD SLIM
LENOVO IDEAPAD 5I PRO 14,IDEAPAD 5I
LENOVO IDEAPAD GAMING 3I 15,IDEAPAD GAMING 3I
LENOVO NOTEBOOK V15 15,NOTEBOOK
LENOVO YOGA C740 14,YOGA
LENOVO YOGA 730 15,YOGA 7
LENOVO YOGA C940 14,YOGA
LENOVO YOGA C930 14,YOGA
LENOVO YOGA 9I 15,YOGA 9I
LENOVO IDEAPAD 3I 17,IDEAPAD 3
LENOVO THINKPAD P1 15,THINKPAD P
LENOVO IDEAPAD 14S 14,IDEAPAD 1
LENOVO LEGION 7000K DESKTOP,LEGION 7
LENOVO IDEACENTRE GEEKPRO DESKTOP,GEEKPRO
LENOVO THINKCENTRE E77 DESKTOP,LENOVO THINKCENTRE
LENOVO LEGION R9000X 15,LEGION
LENOVO YOGA A940 AIO 24,YOGA
LENOVO THINKCENTRE M715 DESKTOP,LENOVO THINKCENTRE
LENOVO YOGA 7I 13,YOGA 7I
LENOVO LEGION 7 16,LEGION 7
LENOVO LEGION 7I 16,LEGION 7
LENOVO YOGA SLIM 16 16,YOGA
LENOVO THINKBOOK G3 15,THINKBOOK
LENOVO CHROMEBOOK FLEX 3 11,LENOVO CHROMEBOOK
LENOVO THINKPAD T 14 ,THINKPAD T
LENOVO IDEAPAD 5 PRO 14,IDEAPAD 5
LENOVO THINKCENTRE M73 DESKTOP,LENOVO THINKCENTRE
LENOVO THINKPAD S2 13 ,THINKPAD S
LENOVO THINKCENTRE K70 DESKTOP,LENOVO THINKCENTRE
LENOVO IDEAPAD SLIM 5I 15,IDEAPAD SLIM
LENOVO IDEAPAD 330S 15,IDEAPAD 330S 15
LENOVO IDEAPAD SLIM 560 PRO 16,IDEAPAD SLIM
LENOVO XIAOXIN 2021 15,XIAOXIN
LENOVO WEI 6 15,LENOVO W
LENOVO THINKPAD X1 NANO EVO 13,THINKPAD X
LENOVO THINKPAD X13 YOGA 13,THINKPAD X
LENOVO LEGION BLADE 7000P DESKTOP,LEGION
LENOVO LEGION BLADE 7000K DESKTOP,LEGION
LENOVO LEGION BLADE 9000K DESKTOP,LEGION
LENOVO YANGTIAN M4000O DESKTOP,YANGTIAN
LENOVO QITIAN A730 AIO 20,QITIAN
LENOVO WEI 6 14,LENOVO W
LENOVO LEGION 7 15,LEGION 7
LENOVO IDEAPAD 130S 11,IDEAPAD 1
LENOVO IDEAPAD 5I 15,IDEAPAD 5I
LENOVO THINKPAD L13 YOGA GEN 2 13,THINKPAD L
LENOVO THINKPAD L13 GEN 2 13,THINKPAD L
LENOVO THINKPAD X1 EXTREME GEN 3 15,THINKPAD X
LENOVO THINKPAD X1 YOGA GEN 6 14,THINKPAD X
LENOVO NOTEBOOK 15,NOTEBOOK
LENOVO XIAOXIN 14,XIAOXIN
LENOVO XIAOXIN 15,XIAOXIN
LENOVO LENOVO THINKBOOK 15,THINKBOOK
LENOVO QITIAN DESKTOP,QITIAN
LENOVO ERAZER DESKTOP,ERAZER
LENOVO LEGION RESCUER Y7000P 15,LEGION
LENOVO IDEAPAD 3 10,IDEAPAD 3
LENOVO IDEAPAD V145 15,IDEAPAD
LENOVO YOGA 520 14,YOGA 520 14
LENOVO THINKPAD 11E,THINKPAD 11E
LENOVO THINKPAD X1 FOLD 13,THINKPAD X
LENOVO THINKPAD 11E 11,THINKPAD 11E
LENOVO THINKPAD T15 15,LENOVO THINKPAD T15
LENOVO NOTEBOOK 14,NOTEBOOK
LENOVO ZHAOYANG K4 14,ZHAOYANG
LENOVO THINKBOOK PLUS 14,THINKBOOK
LENOVO THINKBOOK PLUS 16,THINKBOOK
LENOVO THINKPAD X1 14,THINKPAD X
LENOVO THINKCENTRE E DESKTOP,LENOVO THINKCENTRE
LENOVO THINKCENTRE M DESKTOP,LENOVO THINKCENTRE
LENOVO THINKPAD P 14,THINKPAD P
LENOVO THINKPAD X1 TABLET 13,THINKPAD X
LENOVO LEGION 5I PRO 16,LEGION 5I PRO
LENOVO YOGA 14C 14,YOGA
LENOVO THINKPAD P15 15,THINKPAD P
LENOVO THINKCENTRE M920T DESKTOP,LENOVO THINKCENTRE
LENOVO THINKCENTRE NEO P600 DESKTOP,LENOVO THINKCENTRE
LENOVO THINKCENTRE NEO P780  DESKTOP,LENOVO THINKCENTRE
LENOVO LEGION Y900X 16,LEGION
LENOVO IDEAPAD C340 14,IDEAPAD C340
LENOVO IDEAPAD S540 13,IDEAPAD S
LENOVO THINKPAD L14 14,THINKPAD L
LENOVO THINKCENTRE M90Q GEN 2 DESKTOP,LENOVO THINKCENTRE
LENOVO THINKPAD X13 GEN 2 13,THINKPAD X
LENOVO THINKPAD X1 CARBON GEN 9 14,THINKPAD X
LENOVO WEI 15,LENOVO W
LENOVO IDEAPAD 15S 15,IDEAPAD 1
LENOVO WEI 14,LENOVO W
LENOVO IDEAPAD S14 14,IDEAPAD S
LENOVO IDEAPAD S15 15,IDEAPAD S
LENOVO THINKPAD R7 16,THINKPAD R
LENOVO THINKPAD R7 14,THINKPAD R
LENOVO THINKPAD R5 14,THINKPAD R
LENOVO THINKPAD R5 16,THINKPAD R
LENOVO THINKPAD P1 16,THINKPAD P
LENOVO GEEKPRO DEKSTOP,GEEKPRO
LENOVO THINKCENTRE K DESKTOP,LENOVO THINKCENTRE
LENOVO LEGION R9000 15,LEGION
LENOVO TAB YOGA DUET 7 13,YOGA DUET 7
LENOVO IDEAPAD S540 15,IDEAPAD S
LENOVO IDEAPAD 110 15,IDEAPAD 110 15
LENOVO THINKPAD L15 15,THINKPAD L
LENOVO YOGA PRO 14S 14,YOGA PRO 1
LENOVO LAPTOP V14 14,V14
LENOVO YOGA AIR 13S 13,YOGA
LENOVO LAPTOP V15 15,V15
LENOVO THINKPAD E14 15,THINKPAD E
LENOVO LEGION DESKTOP 7000K ,LEGION
LENOVO WEI DESKTOP,LENOVO W
LENOVO THINKCENTRE E76 DESKTOP,LENOVO THINKCENTRE
LENOVO LEGION Y7000 15 15,LENOVO LEGION Y7000
LENOVO IDEAPAD SLIM 7 15,IDEAPAD SLIM 7
LENOVO THINKCENTRE M70 DESKTOP,LENOVO THINKCENTRE
LENOVO XIAOXIN DUET 12.4,XIAOXIN
LENOVO V15 5000 15,V15
LENOVO THINKPAD 14 PLUS 14,THINKPAD
LENOVO THINKPAD P15S 15,THINKPAD P
LENOVO XIAOXIN PRO AIO 24,XIAOXIN PRO
LENOVO YOGA 13S 13,YOGA
LENOVO THINKPAD PLUS 17 ,THINKPAD P
LENOVO THINKPAD L 15 ,THINKPAD L
LENOVO THINKPAD P52 15,THINKPAD P
LENOVO YOGA  670 13,YOGA
LENOVO IDEAPAD SLIM 550I 14,IDEAPAD SLIM
LENOVO LEGION 570I 15,LEGION 5
LENOVO IDEAPAD SLIM 15 ,LENOVO IDEAPAD SLIM 1
LENOVO IDEAPAD 1I 15,IDEAPAD 1
LENOVO IDEAPAD 5I PRO 16,IDEAPAD 5I
LENOVO FLEX 3 11,FLEX
LENOVO YOGA 7 15,YOGA 7
LENOVO IDEAPAD SLIM 9I PRO 14,IDEAPAD SLIM 9
LENOVO LEGION 5I 15,LEGION 5
LENOVO IDEAPAD FLEX 5 15,IDEAPAD FLEX 5
LENOVO THINKCENTRE M93 DESKTOP,LENOVO THINKCENTRE
LENOVO ZHAOYANG 14 ,ZHAOYANG
LENOVO THINKPAD X 13 ,THINKPAD X
LENOVO LEGION 15,LEGION
LENOVO THINKPAD T460 14,THINKPAD T
LENOVO IDEAPAD SLIM 3I 17 ,IDEAPAD SLIM
LENOVO LEGION Y530 15,LEGION
LENOVO YOGA SLIM 13,YOGA
LENOVO IDEAPAD 520S 14,IDEAPAD 5
LENOVO THINKPAD X1 CARBON 14 ,THINKPAD X
LENOVO IDEAPAD 310 15,IDEAPAD 3
LENOVO IDEAPAD 320 15,IDEAPAD 3
LENOVO THINKCENTRE NEO S500 DESKTOP,LENOVO THINKCENTRE
LENOVO THINKCENTRE Q500 DESKTOP,LENOVO THINKCENTRE
LENOVO THINKCENTRE NEO P900 DESKTOP,LENOVO THINKCENTRE
LENOVO THINKCENTRE M555 DESKTOP ,LENOVO THINKCENTRE
LENOVO SLIM 5I 16,LENOVO SLIM 5
LENOVO SLIM 7I 16,SLIM 7
LENOVO LEGION TOWER 5I DESKTOP,LEGION
LENOVO THINKCENTRE M710 DESKTOP,LENOVO THINKCENTRE
LENOVO V17,V17
LENOVO LEGION SLIM 5I 16,LENOVO LEGION SLIM 5
LENOVO THINKPAD E14 ,THINKPAD E
LENOVO THINKBOOK 15 ,THINKBOOK
LENOVO XIAOXIN MINI DESKTOP,XIAOXIN
LENOVO LEGION Y7000P 16,LENOVO LEGION Y7000
LENOVO THINKPAD E15 14,THINKPAD E
LENOVO THINKBOOK 14+ 14,THINKBOOK
LENOVO THINKPAD E 16,THINKPAD E
LENOVO LEGION 7I DESKTOP,LEGION 7
LENOVO THINKPAD T14P 14,THINKPAD T
LENOVO THINKPAD E14  14,THINKPAD E
LENOVO THINKBOOK 7 15 ,THINKBOOK
LENOVO YOGA I5  14,YOGA
LENOVO YOGA I7  14,YOGA
LENOVO IDEAPAD  512  15,IDEAPAD
LENOVO THINKCENTRE NEO P780 DESKTOP,LENOVO THINKCENTRE
LENOVO XIAOXIN  16,XIAOXIN
LENOVO YOGA SLIM 6 14,YOGA
LENOVO IDEAPAD  15,IDEAPAD
LENOVO IDEAPAD SLIM 3  15,IDEAPAD SLIM
LENOVO XIAOXIN PRO 15,XIAOXIN PRO
LENOVO LEGION Y9000X 16,LEGION
LENOVO LEGION GO 8,LEGION
LENOVO LEGION ,LEGION
LENOVO WEI 24,LENOVO W
LENOVO LEGION R9000  16,LEGION
LENOVO LEGION Y9000  16,LEGION
LENOVO LEGION R7000  15,LEGION
LENOVO WEI  15,LENOVO W
LENOVO LEGION R7000  16,LEGION
LENOVO LEGION Y7000  16,LENOVO LEGION Y7000
LENOVO THINKPAD I5 14,THINKPAD
LENOVO THINKPAD I5 16,THINKPAD
LENOVO THINKPAD I7 16,THINKPAD
LENOVO THINKPAD I7 14,THINKPAD
LENOVO XIAOXIN AIO 24,XIAOXIN
LENOVO WEI AIO 16,LENOVO W
LENOVO THINKPAD L15  15,THINKPAD L
LENOVO THINKPAD X12  12,THINKPAD X
LENOVO IDEAPAD SLIM 5  14,IDEAPAD SLIM
LENOVO IDEAPAD 3  15,IDEAPAD 3
LENOVO WEI 5 PRO  15,LENOVO W
LENOVO IDEAPAD 1  14,IDEAPAD 1
LENOVO YOGA 9I 13,YOGA 9I
LENOVO WEI 7 PRO  14,LENOVO W
LENOVO WEI 9 PRO  16,LENOVO W
LENOVO LEGION 5  14,LEGION 5
LENOVO LEGION PRO 5I 16,LENOVO LEGION PRO 5
LENOVO IDEAPAD 12,IDEAPAD 1
LENOVO IDEAPAD 1  15,IDEAPAD 1
LENOVO THINKPAD P16 16,THINKPAD P
LENOVO IDEAPAD FLEX 5  14,IDEAPAD FLEX 5
LENOVO LEGION 7 PRO 16,LEGION 7
LENOVO IDEAPAD  GAMING 16,IDEAPAD
LENOVO IDEAPAD 3 15 ,IDEAPAD 3
LENOVO IDEAPAD 3I 15 ,IDEAPAD 3
LENOVO AIR NOTEBOOK 14,NOTEBOOK
LENOVO THINKPAD E16 16,LENOVO THINKPAD E16
LENOVO THINKPAD R5 15,THINKPAD R
LENOVO THINKPAD E480 14,THINKPAD E
LENOVO WEI AIO 23,LENOVO W
LENOVO THINKPAD 16P 16,THINKPAD
LENOVO THINKBOOK 16P 16,THINKBOOK
LENOVO THINKBOOK 16+ 16,THINKBOOK
LENOVO WEI AIO 24,LENOVO W
LENOVO YOGA R7 AIO 27,YOGA
LENOVO WEI AIO 27,LENOVO W
LENOVO XIAOXIN PRO 27,XIAOXIN PRO
LENOVO IDEAPAD CHROMEBOOK DUET 3 10,CHROMEBOOK
LENOVO YOGA TAB 11,YOGA
LENOVO IDEAPAD CHROMEBOOK SLIM 3 14,CHROMEBOOK
LENOVO XIAOXIN PAD 10,XIAOXIN
LENOVO IDEAPAD CHROMEBOOK DUET 3 11,CHROMEBOOK
LENOVO CHROMEBOOK IDEAPAD FLEX 15,LENOVO CHROMEBOOK
LENOVO IDEAPAD 5 13,IDEAPAD 5
LENOVO IDEAPAD CHROMEBOOK 10,CHROMEBOOK
LENOVO CHROMEBOOK 14,LENOVO CHROMEBOOK
LENOVO XIAOXIN PRO 11,XIAOXIN PRO
LENOVO IDEAPAD CHROMEBOOK DUET 10,CHROMEBOOK
LENOVO IDEAPAD CHROMEBOOK DUET 3,CHROMEBOOK
LENOVO CHROMEBOOK DUET 3 11,LENOVO CHROMEBOOK
LENOVO YOGA TAB 10,YOGA
LENOVO CHROMEBOOK IDEAPAD 3 11,LENOVO CHROMEBOOK
LENOVO CHROMEBOOK C330 11,LENOVO CHROMEBOOK
LENOVO CHROMEBOOK FLEX 5 13,LENOVO CHROMEBOOK
LENOVO CHROMEBOOK C340 15,LENOVO CHROMEBOOK
LENOVO TAB YOGA 11,YOGA
LENOVO IDEAPAD CHROMEBOOK FLEX 13,IDEAPAD CHROMEBOOK FLEX
LENOVO CHROMEBOOK DUET 13,LENOVO CHROMEBOOK
LENOVO CHROMEBOOK 3I 15,LENOVO CHROMEBOOK
LENOVO YOGA 3 8,YOGA
LENOVO IDEAPAD DUET CHROMEBOOK 10,IDEAPAD DUET
LENOVO CHROMEBOOK 3 14,LENOVO CHROMEBOOK
LENOVO IDEAPAD CHROMEBOOK 3 11,CHROMEBOOK
LENOVO CHROMEBOOK FLEX 13 ,LENOVO CHROMEBOOK
LENOVO CHROMEBOOK 3 11,LENOVO CHROMEBOOK
LENOVO CHROMEBOOK FLEX 11,LENOVO CHROMEBOOK
LENOVO IDEAPAD DUET 3 11,IDEAPAD DUET
LENOVO CHROMEBOOK FLEX 3I 12,LENOVO CHROMEBOOK
LENOVO SLIM 3 CHROMEBOOK 14,CHROMEBOOK
LENOVO FLEX 3 15,FLEX
LENOVO XIAOXIN PAD PRO 12,XIAOXIN
LENOVO XIAOXIN PAD PLUS 12,XIAOXIN
LENOVO LEGION TABLET Y700 8,LEGION
LENOVO XIAOXIN PAD PLUS 11,XIAOXIN
LENOVO LEGION TABLET Y900 14,LEGION
LENOVO XIAOXIN PAD 11,XIAOXIN
LENOVO XIAOXIN  12,XIAOXIN
LENOVO ERAZER M 10,ERAZER
LENOVO IDEAPAD DUET 5 CHROMEBOOK 13,IDEAPAD DUET 5
LENOVO IDEAPAD FLEX 5 13,IDEAPAD FLEX 5
LENOVO YOGA TAB 13,YOGA
LENOVO IDEAPAD DUET 13 ,IDEAPAD DUET
LENOVO CHROMEBOOK 2 11,LENOVO CHROMEBOOK
LENOVO CHROMEBOOK IDEAPAD SLIM350I 11,LENOVO CHROMEBOOK
LENOVO IDEAPAD DUET 5 13,IDEAPAD DUET 5
LENOVO FLEX 3I CHROMEBOOK 15,CHROMEBOOK
LENOVO CHROMEBOOK FLEX 13,LENOVO CHROMEBOOK
LENOVO CHROMEBOOK S330 14,LENOVO CHROMEBOOK
LENOVO CHROMEBOOK G2 11,LENOVO CHROMEBOOK
LENOVO IDEAPAD DUET 5 13 ,IDEAPAD DUET 5
LENOVO IDEAPAD DUET 10 ,IDEAPAD DUET
LENOVO IDEAPAD FLEX 5 13 ,IDEAPAD FLEX 5
LENOVO IDEAPAD 3I 11,IDEAPAD 3
LENOVO CHROMEBOOK X360 11,LENOVO CHROMEBOOK
LENOVO CHROMEBOOK DUET 10,LENOVO CHROMEBOOK
LENOVO CHROMEBOOK FLEX 5I 13,LENOVO CHROMEBOOK
LENOVO CHROMEBOOK IDEAPAD DUET 5 13,CHROMEBOOK IDEAPAD DUET
LENOVO XIAOXIN PAD PRO 11 ,XIAOXIN
LENOVO IDEAPAD CHROMEBOOK 560 14,CHROMEBOOK
LENOVO XIAOXIN PAD PRO 11,XIAOXIN
LENOVO YOGA SMART TAB 10,YOGA
LENOVO IDEAPAD CHROMEBOOK 14,CHROMEBOOK
LENOVO CHROMEBOOK 14E 14,LENOVO CHROMEBOOK
LENOVO IDEAPAD SLIM 360 CHROMEBOOK 14,IDEAPAD SLIM
LENOVO CHROMEBOOK C340 11,LENOVO CHROMEBOOK
LENOVO XIAOXIN PAD PLUS P11 11,XIAOXIN
LENOVO XIAOXIN PAD PRO P11 11,XIAOXIN
LENOVO XIAOXIN PAD P11 11,XIAOXIN
LENOVO CHROMEBOOK P12 12,LENOVO CHROMEBOOK
LENOVO IDEAPAD SLIM 350I 11,IDEAPAD SLIM
LENOVO FLEX 5 CHROMEBOOK 13,CHROMEBOOK
LENOVO IDEAPAD FLEX 5 CHROMEBOOK 13,IDEAPAD FLEX 5
LENOVO CHROMEBOOK S345 14,LENOVO CHROMEBOOK
LENOVO FLEX CHROMEBOOK 11,CHROMEBOOK
LENOVO CHROMEBOOK THINKPAD C13 YOGA GEN 1 13,LENOVO CHROMEBOOK
LENOVO CHROMEBOOK IDEAPAD DUET 10,CHROMEBOOK IDEAPAD DUET
LENOVO LEGION Y700 8,LEGION
LENOVO YOGA TAB 3 10,YOGA
LENOVO IDEAPAD 3 CHROMEBOOK 14,CHROMEBOOK
LENOVO CHROMEBOOK IDEAPAD 3 14,LENOVO CHROMEBOOK
LENOVO XIAOXIN PAD PRO 10,XIAOXIN
LENOVO WEI 13,LENOVO W
LENOVO CHROMEBOOK 100E 11,LENOVO CHROMEBOOK
LENOVO THINKPAD CHROMEBOOK C13 13,CHROMEBOOK
LENOVO IDEAPAD CHROMEBOOK 5I 14,CHROMEBOOK
LENOVO IDEAPAD CHROMEBOOK FLEX 5 13,IDEAPAD CHROMEBOOK FLEX
LENOVO XIAOXIN PRO 12,XIAOXIN PRO
LENOVO IDEAPAD FLEX 5I 13,IDEAPAD FLEX 5
LENOVO 300E CHROMEBOOK 11,CHROMEBOOK
LENOVO IDEAPAD CHROMEBOOK 3 14,CHROMEBOOK
LENOVO IDEAPAD 5I SLIM CHROMEBOOK 14,CHROMEBOOK
LENOVO YOGA PRO 13,YOGA PRO 1
LENOVO YOGA PAD PRO 13,YOGA
LENOVO LEGION TABLET 8,LEGION
LENOVO CHROMEBOOK IDEAPAD SLIM 3,LENOVO CHROMEBOOK
LENOVO CHROMEBOOK IDEAPAD SLIM 3 14,LENOVO CHROMEBOOK
LENOVO CHROMEBOOK SLIM 3 14,LENOVO CHROMEBOOK
LENOVO XIAOXIN PAD 12,XIAOXIN
LENOVO ERAZER M 10 ,ERAZER
LENOVO IDEAPAD FLEX 3I  CHROMEBOOK  12,IDEAPAD FLEX
LENOVO YOGA  870  13,YOGA
LENOVO XIAOXIN  11,XIAOXIN
LENOVO XIAOXIN PRO  12,XIAOXIN PRO
LENOVO WEI 10,LENOVO W
LENOVO WEI  10,LENOVO W
LENOVO IDEAPAD CHROMEBOOK  15,CHROMEBOOK
LENOVO CHROMEBOOK IDEAPAD FLEX 5I 14,LENOVO CHROMEBOOK
LENOVO IDEAPAD CHROMEBOOK 11,CHROMEBOOK
LENOVO WEI 9 ,LENOVO W
LENOVO IDEAPAD CHROMEBOOK  14,CHROMEBOOK
LENOVO IDEAPAD 5 CHROMEBOOK 14,CHROMEBOOK
LENOVO IDEAPAD SLIM 3 CHROMEBOOK 14,IDEAPAD SLIM
LENOVO CHROMEBOOK S330  14,LENOVO CHROMEBOOK
LENOVO IDEAPAD CHROMEBOOK FLEX  15,IDEAPAD CHROMEBOOK FLEX
LENOVO THINKCENTRE 700 5 15,LENOVO THINKCENTRE
LENOVO IDEAPAD CHROMEBOOK DUET 5 13,CHROMEBOOK
LENOVO CHROMEBOOK 3,LENOVO CHROMEBOOK
LENOVO IDEAPAD CHROMEBOOK 16,CHROMEBOOK
LENOVO XIAOXIN PRO 10,XIAOXIN PRO
LENOVO WEI TABLET 10,LENOVO W
LENOVO IDEAPAD CHROMEBOOK DUET 11,CHROMEBOOK
LENOVO LEGION TAB Y700 8,LEGION
LENOVO XIAOXIN PRO TAB 11,XIAOXIN PRO
LENOVO XIAOXIN PAD PRO 12 ,XIAOXIN
MICROSOFT SURFACE PRO X 13,SURFACE PRO
MICROSOFT SURFACE LAPTOP STUDIO 14,SURFACE LAPTOP STUDIO
MICROSOFT SURFACE PRO 7 12,SURFACE PRO
MICROSOFT SURFACE BOOK 3 15,SURFACE BOOK
MICROSOFT SURFACE PRO 8 13,SURFACE PRO
MICROSOFT SURFACE LAPTOP 4 13,SURFACE LAPTOP
MICROSOFT SURFACE LAPTOP 4 15,SURFACE LAPTOP
MICROSOFT SURFACE STUDIO 14,SURFACE STUDIO
MICROSOFT SURFACE GO 3 10,SURFACE GO
MICROSOFT SURFACE PRO 7 PLUS 12,SURFACE PRO
MICROSOFT SURFACE PRO 9 13,SURFACE PRO
MICROSOFT SURFACE LAPTOP 5 13,SURFACE LAPTOP
MICROSOFT SURFACE LAPTOP 5 15,SURFACE LAPTOP
MICROSOFT SURFACE LAPTOP,SURFACE LAPTOP
MICROSOFT SURFACE PRO 9  13,SURFACE PRO
MICROSOFT SURFACE LAPTOP GO 2 12,SURFACE LAPTOP GO
MICROSOFT SURFACE STUDIO 28,SURFACE STUDIO
MICROSOFT SURFACE LAPTOP GO 2 10,SURFACE LAPTOP GO
MICROSOFT SURFACE LAPTOP GO 12,SURFACE LAPTOP GO
MICROSOFT SURFACE GO 2 10,SURFACE GO
MICROSOFT SURFACE GO 10,SURFACE GO
MICROSOFT SURFACE BOOK 3 13,SURFACE BOOK
MICROSOFT SURFACE PRO 9,SURFACE PRO
MICROSOFT SURFACE LAPTOP 3 13,SURFACE LAPTOP
MICROSOFT SURFACE PRO 6 12,SURFACE PRO
MICROSOFT SURFACE BOOK 2 13,SURFACE BOOK
MICROSOFT SURFACE GO 12,SURFACE GO
MICROSOFT SURFACE PRO 12,SURFACE PRO
MICROSOFT SURFACE LAPTOP PRO 9 13,SURFACE PRO
MICROSOFT SURFACE PRO 7+ 12,SURFACE PRO
MICROSOFT SURFACE BOOK 2 15,SURFACE BOOK
MICROSOFT SURFACE LAPTOP STUDIO 2 14,SURFACE LAPTOP STUDIO
MICROSOFT SURFACE LAPTOP 5 12,SURFACE LAPTOP
MICROSOFT SURFACE GO LAPTOP 3 12,SURFACE GO
MICROSOFT SURFACE GO 13,SURFACE GO
MICROSOFT SURFACE LAPTOP STUDIO2 13,SURFACE LAPTOP STUDIO
MICROSOFT SURFACE STUDIO 2 14,SURFACE STUDIO
PREDATOR TRITON 14,PREDATOR TRITON
ALIENWARE M16 16,ALIENWARE M16
ALIENWARE M18 18,ALIENWARE M18
ASUSPROART STUDIOBOOK 16,PROART STUDIOBOOK
SURFACE LAPTOP 5 13,SURFACE LAPTOP
APPLE MACBOOK AIR 15,MACBOOK AIR
APPLE MACBOOK PRO 16,MACBOOK PRO 16
APPLE MACBOOK AIR 13,MACBOOK AIR
APPLE MACBOOK PRO 14,MACBOOK PRO 14
APPLE MACBOOK PRO 13,MACBOOK PRO 13
APPLE MACBOOK AIR 10,MACBOOK AIR
APPLE MACBOOK PRO 15,MACBOOK PRO 15
APPLE MACBOOK 12,MACBOOK
APPLE MACBOOK AIR 14,MACBOOK AIR
APPLE MACBOOK AIR 9 15,MACBOOK AIR
APPLE MACBOOK 14,MACBOOK
ACRE CHROMEBOOK 3 14,CHROMEBOOK
